well_id,md_m,inc_deg,azi_deg
DUL-001,0.0,0.0,0.0
DUL-001,30.0,0.0,0.0
DUL-001,60.0,0.0,0.0
DUL-001,90.0,0.0,0.0
DUL-001,120.0,0.0,0.0
DUL-001,150.0,0.0,0.0
DUL-001,180.0,0.0,0.0
DUL-001,210.0,0.0,0.0
DUL-001,240.0,0.0,0.0
DUL-001,270.0,0.0,0.0
DUL-001,300.0,0.0,0.0
DUL-001,330.0,0.0,0.0
DUL-001,360.0,0.0,0.0
DUL-001,390.0,0.0,0.0
DUL-001,420.0,0.0,0.0
DUL-001,450.0,0.0,0.0
DUL-001,480.0,0.0,0.0
DUL-001,510.0,0.0,0.0
DUL-001,540.0,0.0,0.0
DUL-001,570.0,0.0,0.0
DUL-001,600.0,0.0,0.0
DUL-001,630.0,0.0,0.0
DUL-001,660.0,0.0,0.0
DUL-001,690.0,0.0,0.0
DUL-001,720.0,0.0,0.0
DUL-001,750.0,0.0,0.0
DUL-001,780.0,0.0,0.0
DUL-001,810.0,0.0,0.0
DUL-001,840.0,0.0,0.0
DUL-001,870.0,0.0,0.0
DUL-001,900.0,0.0,0.0
DUL-001,930.0,0.0,0.0
DUL-001,960.0,0.0,0.0
DUL-001,990.0,0.0,0.0
DUL-001,1020.0,0.0,0.0
DUL-001,1050.0,0.0,0.0
DUL-001,1080.0,0.0,0.0
DUL-001,1110.0,0.0,0.0
DUL-001,1140.0,0.0,0.0
DUL-001,1170.0,0.0,0.0
DUL-001,1200.0,0.0,0.0
DUL-001,1230.0,0.0,0.0
DUL-001,1260.0,0.0,0.0
DUL-001,1290.0,0.0,0.0
DUL-001,1320.0,0.0,0.0
DUL-001,1350.0,0.0,0.0
DUL-001,1380.0,0.0,0.0
DUL-001,1410.0,0.0,0.0
DUL-001,1440.0,0.0,0.0
DUL-001,1470.0,0.0,0.0
DUL-001,1500.0,0.0,0.0
DUL-001,1530.0,0.0,0.0
DUL-001,1560.0,0.0,0.0
DUL-001,1590.0,0.0,0.0
DUL-001,1620.0,0.0,0.0
DUL-001,1650.0,0.0,0.0
DUL-001,1680.0,0.0,0.0
DUL-001,1710.0,0.0,0.0
DUL-001,1740.0,0.0,0.0
DUL-001,1770.0,0.0,0.0
DUL-001,1800.0,0.0,0.0
DUL-001,1830.0,0.0,0.0
DUL-001,1860.0,0.0,0.0
DUL-001,1890.0,0.0,0.0
DUL-001,1920.0,0.0,0.0
DUL-001,1950.0,0.0,0.0
DUL-001,1980.0,0.0,0.0
DUL-001,2010.0,0.0,0.0
DUL-001,2040.0,0.0,0.0
DUL-001,2070.0,0.0,0.0
DUL-001,2100.0,0.0,0.0
DUL-001,2130.0,0.0,0.0
DUL-001,2160.0,0.0,0.0
DUL-001,2190.0,0.0,0.0
DUL-001,2220.0,0.0,0.0
DUL-001,2250.0,0.0,0.0
DUL-001,2280.0,0.0,0.0
DUL-001,2310.0,0.0,0.0
DUL-001,2340.0,0.0,0.0
DUL-001,2370.0,0.0,0.0
DUL-001,2400.0,0.0,0.0
DUL-001,2430.0,0.0,0.0
DUL-001,2460.0,0.0,0.0
DUL-001,2490.0,0.0,0.0
DUL-001,2520.0,0.0,0.0
DUL-001,2550.0,0.0,0.0
DUL-001,2580.0,0.0,0.0
DUL-001,2610.0,0.0,0.0
DUL-001,2640.0,0.0,0.0
DUL-001,2670.0,0.0,0.0
DUL-001,2700.0,0.0,0.0
DUL-001,2730.0,0.0,0.0
DUL-001,2760.0,0.0,0.0
DUL-001,2790.0,0.0,0.0
DUL-001,2820.0,0.0,0.0
DUL-001,2850.0,0.0,0.0
DUL-001,2880.0,0.0,0.0
DUL-001,2910.0,0.0,0.0
DUL-001,2940.0,0.0,0.0
DUL-001,2970.0,0.0,0.0
DUL-001,3000.0,0.0,0.0
DUL-001,3030.0,0.0,0.0
DUL-001,3060.0,0.0,0.0
DUL-001,3090.0,0.0,0.0
DUL-001,3120.0,0.0,0.0
DUL-001,3150.0,0.0,0.0
DUL-001,3180.0,0.0,0.0
DUL-001,3210.0,0.0,0.0
DUL-001,3240.0,0.0,0.0
DUL-001,3270.0,0.0,0.0
DUL-001,3300.0,0.0,0.0
DUL-001,3330.0,0.0,0.0
DUL-001,3360.0,0.0,0.0
DUL-001,3366.2,0.0,0.0
DUL-002,0.0,0.0,0.0
DUL-002,30.0,0.0,0.0
DUL-002,60.0,0.0,0.0
DUL-002,90.0,0.0,0.0
DUL-002,120.0,0.0,0.0
DUL-002,150.0,0.0,0.0
DUL-002,180.0,0.0,0.0
DUL-002,210.0,0.0,0.0
DUL-002,240.0,0.0,0.0
DUL-002,270.0,0.0,0.0
DUL-002,300.0,0.0,0.0
DUL-002,330.0,0.0,0.0
DUL-002,360.0,0.0,0.0
DUL-002,390.0,0.0,0.0
DUL-002,420.0,0.0,0.0
DUL-002,450.0,0.0,0.0
DUL-002,480.0,0.25,133.37
DUL-002,510.0,2.87,133.37
DUL-002,540.0,5.48,133.37
DUL-002,570.0,8.1,133.37
DUL-002,600.0,10.72,133.37
DUL-002,630.0,13.33,133.37
DUL-002,660.0,15.95,133.37
DUL-002,690.0,18.57,133.37
DUL-002,720.0,21.19,133.37
DUL-002,750.0,23.8,133.37
DUL-002,780.0,26.42,133.37
DUL-002,810.0,28.66,133.37
DUL-002,840.0,28.66,133.37
DUL-002,870.0,28.66,133.37
DUL-002,900.0,28.66,133.37
DUL-002,930.0,28.66,133.37
DUL-002,960.0,28.66,133.37
DUL-002,990.0,28.66,133.37
DUL-002,1020.0,28.66,133.37
DUL-002,1050.0,28.66,133.37
DUL-002,1080.0,28.66,133.37
DUL-002,1110.0,28.66,133.37
DUL-002,1140.0,28.66,133.37
DUL-002,1170.0,28.66,133.37
DUL-002,1200.0,28.66,133.37
DUL-002,1230.0,28.66,133.37
DUL-002,1260.0,28.66,133.37
DUL-002,1290.0,28.66,133.37
DUL-002,1320.0,28.66,133.37
DUL-002,1350.0,28.66,133.37
DUL-002,1380.0,28.66,133.37
DUL-002,1410.0,28.66,133.37
DUL-002,1440.0,28.66,133.37
DUL-002,1470.0,28.66,133.37
DUL-002,1500.0,28.66,133.37
DUL-002,1530.0,28.66,133.37
DUL-002,1560.0,28.66,133.37
DUL-002,1590.0,28.66,133.37
DUL-002,1620.0,28.66,133.37
DUL-002,1650.0,28.66,133.37
DUL-002,1680.0,28.66,133.37
DUL-002,1710.0,27.56,133.37
DUL-002,1740.0,26.17,133.37
DUL-002,1770.0,24.77,133.37
DUL-002,1800.0,23.38,133.37
DUL-002,1830.0,21.99,133.37
DUL-002,1860.0,20.6,133.37
DUL-002,1890.0,19.21,133.37
DUL-002,1920.0,17.82,133.37
DUL-002,1950.0,16.43,133.37
DUL-002,1980.0,15.04,133.37
DUL-002,2010.0,13.64,133.37
DUL-002,2040.0,12.25,133.37
DUL-002,2070.0,10.86,133.37
DUL-002,2100.0,9.47,133.37
DUL-002,2130.0,8.08,133.37
DUL-002,2160.0,6.69,133.37
DUL-002,2190.0,5.3,133.37
DUL-002,2220.0,3.91,133.37
DUL-002,2250.0,2.52,133.37
DUL-002,2280.0,1.88,133.37
DUL-002,2310.0,1.88,133.37
DUL-002,2340.0,1.88,133.37
DUL-002,2370.0,1.88,133.37
DUL-002,2400.0,1.88,133.37
DUL-002,2430.0,1.88,133.37
DUL-002,2460.0,1.88,133.37
DUL-002,2490.0,1.88,133.37
DUL-002,2520.0,1.88,133.37
DUL-002,2550.0,1.88,133.37
DUL-002,2580.0,1.88,133.37
DUL-002,2610.0,1.88,133.37
DUL-002,2640.0,1.88,133.37
DUL-002,2670.0,1.88,133.37
DUL-002,2700.0,1.88,133.37
DUL-002,2730.0,1.88,133.37
DUL-002,2760.0,1.88,133.37
DUL-002,2790.0,1.88,133.37
DUL-002,2820.0,1.88,133.37
DUL-002,2850.0,1.88,133.37
DUL-002,2880.0,1.88,133.37
DUL-002,2910.0,1.88,133.37
DUL-002,2940.0,1.88,133.37
DUL-002,2970.0,1.88,133.37
DUL-002,3000.0,1.88,133.37
DUL-002,3030.0,1.88,133.37
DUL-002,3060.0,1.88,133.37
DUL-002,3090.0,1.88,133.37
DUL-002,3120.0,1.88,133.37
DUL-002,3150.0,1.88,133.37
DUL-002,3180.0,1.88,133.37
DUL-002,3210.0,1.88,133.37
DUL-002,3240.0,1.88,133.37
DUL-002,3270.0,1.88,133.37
DUL-002,3300.0,1.88,133.37
DUL-002,3330.0,1.88,133.37
DUL-002,3360.0,1.88,133.37
DUL-002,3390.0,1.88,133.37
DUL-002,3420.0,1.88,133.37
DUL-002,3426.4,1.88,133.37
DUL-003,0.0,0.0,0.0
DUL-003,30.0,0.0,0.0
DUL-003,60.0,0.0,0.0
DUL-003,90.0,0.0,0.0
DUL-003,120.0,0.0,0.0
DUL-003,150.0,0.0,0.0
DUL-003,180.0,0.0,0.0
DUL-003,210.0,0.0,0.0
DUL-003,240.0,0.0,0.0
DUL-003,270.0,0.0,0.0
DUL-003,300.0,0.0,0.0
DUL-003,330.0,0.0,0.0
DUL-003,360.0,0.0,0.0
DUL-003,390.0,0.0,0.0
DUL-003,420.0,0.0,0.0
DUL-003,450.0,0.0,0.0
DUL-003,480.0,0.0,0.0
DUL-003,510.0,0.0,0.0
DUL-003,540.0,0.0,0.0
DUL-003,570.0,0.0,0.0
DUL-003,600.0,0.0,0.0
DUL-003,630.0,0.0,0.0
DUL-003,660.0,0.0,0.0
DUL-003,690.0,0.0,0.0
DUL-003,720.0,0.0,0.0
DUL-003,750.0,0.0,0.0
DUL-003,780.0,0.0,0.0
DUL-003,810.0,1.41,204.75
DUL-003,840.0,3.97,204.75
DUL-003,870.0,6.53,204.75
DUL-003,900.0,9.08,204.75
DUL-003,930.0,11.64,204.75
DUL-003,960.0,14.2,204.75
DUL-003,990.0,16.76,204.75
DUL-003,1020.0,19.31,204.75
DUL-003,1050.0,21.87,204.75
DUL-003,1080.0,24.43,204.75
DUL-003,1110.0,26.99,204.75
DUL-003,1140.0,28.3,204.75
DUL-003,1170.0,28.3,204.75
DUL-003,1200.0,28.3,204.75
DUL-003,1230.0,28.3,204.75
DUL-003,1260.0,28.3,204.75
DUL-003,1290.0,28.3,204.75
DUL-003,1320.0,28.3,204.75
DUL-003,1350.0,28.3,204.75
DUL-003,1380.0,28.3,204.75
DUL-003,1410.0,28.3,204.75
DUL-003,1440.0,28.3,204.75
DUL-003,1470.0,28.3,204.75
DUL-003,1500.0,28.3,204.75
DUL-003,1530.0,28.3,204.75
DUL-003,1560.0,28.3,204.75
DUL-003,1590.0,28.3,204.75
DUL-003,1620.0,28.3,204.75
DUL-003,1650.0,28.3,204.75
DUL-003,1680.0,28.3,204.75
DUL-003,1710.0,28.3,204.75
DUL-003,1740.0,28.3,204.75
DUL-003,1770.0,28.3,204.75
DUL-003,1800.0,28.3,204.75
DUL-003,1830.0,28.3,204.75
DUL-003,1860.0,28.3,204.75
DUL-003,1890.0,28.3,204.75
DUL-003,1920.0,26.85,204.75
DUL-003,1950.0,25.2,204.75
DUL-003,1980.0,23.54,204.75
DUL-003,2010.0,21.89,204.75
DUL-003,2040.0,20.23,204.75
DUL-003,2070.0,18.58,204.75
DUL-003,2100.0,16.92,204.75
DUL-003,2130.0,15.27,204.75
DUL-003,2160.0,13.61,204.75
DUL-003,2190.0,11.96,204.75
DUL-003,2220.0,10.3,204.75
DUL-003,2250.0,8.65,204.75
DUL-003,2280.0,6.99,204.75
DUL-003,2310.0,5.34,204.75
DUL-003,2340.0,3.68,204.75
DUL-003,2370.0,2.03,204.75
DUL-003,2400.0,0.56,204.75
DUL-003,2430.0,0.56,204.75
DUL-003,2460.0,0.56,204.75
DUL-003,2490.0,0.56,204.75
DUL-003,2520.0,0.56,204.75
DUL-003,2550.0,0.56,204.75
DUL-003,2580.0,0.56,204.75
DUL-003,2610.0,0.56,204.75
DUL-003,2640.0,0.56,204.75
DUL-003,2670.0,0.56,204.75
DUL-003,2700.0,0.56,204.75
DUL-003,2730.0,0.56,204.75
DUL-003,2760.0,0.56,204.75
DUL-003,2790.0,0.56,204.75
DUL-003,2820.0,0.56,204.75
DUL-003,2850.0,0.56,204.75
DUL-003,2880.0,0.56,204.75
DUL-003,2910.0,0.56,204.75
DUL-003,2940.0,0.56,204.75
DUL-003,2970.0,0.56,204.75
DUL-003,3000.0,0.56,204.75
DUL-003,3030.0,0.56,204.75
DUL-003,3060.0,0.56,204.75
DUL-003,3090.0,0.56,204.75
DUL-003,3120.0,0.56,204.75
DUL-003,3150.0,0.56,204.75
DUL-003,3180.0,0.56,204.75
DUL-003,3210.0,0.56,204.75
DUL-003,3240.0,0.56,204.75
DUL-003,3270.0,0.56,204.75
DUL-003,3300.0,0.56,204.75
DUL-003,3330.0,0.56,204.75
DUL-003,3360.0,0.56,204.75
DUL-003,3390.0,0.56,204.75
DUL-003,3420.0,0.56,204.75
DUL-003,3440.2,0.56,204.75
DUL-004,0.0,0.0,0.0
DUL-004,30.0,0.0,0.0
DUL-004,60.0,0.0,0.0
DUL-004,90.0,0.0,0.0
DUL-004,120.0,0.0,0.0
DUL-004,150.0,0.0,0.0
DUL-004,180.0,0.0,0.0
DUL-004,210.0,0.0,0.0
DUL-004,240.0,0.0,0.0
DUL-004,270.0,0.0,0.0
DUL-004,300.0,0.0,0.0
DUL-004,330.0,0.0,0.0
DUL-004,360.0,0.0,0.0
DUL-004,390.0,0.0,0.0
DUL-004,420.0,0.0,0.0
DUL-004,450.0,1.35,282.2
DUL-004,480.0,3.29,282.2
DUL-004,510.0,5.23,282.2
DUL-004,540.0,7.17,282.2
DUL-004,570.0,9.11,282.2
DUL-004,600.0,11.05,282.2
DUL-004,630.0,12.99,282.2
DUL-004,660.0,14.93,282.2
DUL-004,690.0,16.87,282.2
DUL-004,720.0,18.81,282.2
DUL-004,750.0,20.63,282.2
DUL-004,780.0,20.63,282.2
DUL-004,810.0,20.63,282.2
DUL-004,840.0,20.63,282.2
DUL-004,870.0,20.63,282.2
DUL-004,900.0,20.63,282.2
DUL-004,930.0,20.63,282.2
DUL-004,960.0,20.63,282.2
DUL-004,990.0,20.63,282.2
DUL-004,1020.0,20.63,282.2
DUL-004,1050.0,20.63,282.2
DUL-004,1080.0,20.63,282.2
DUL-004,1110.0,20.63,282.2
DUL-004,1140.0,20.63,282.2
DUL-004,1170.0,20.63,282.2
DUL-004,1200.0,20.63,282.2
DUL-004,1230.0,20.63,282.2
DUL-004,1260.0,20.63,282.2
DUL-004,1290.0,20.63,282.2
DUL-004,1320.0,20.63,282.2
DUL-004,1350.0,20.63,282.2
DUL-004,1380.0,20.63,282.2
DUL-004,1410.0,20.63,282.2
DUL-004,1440.0,20.63,282.2
DUL-004,1470.0,19.31,282.2
DUL-004,1500.0,17.71,282.2
DUL-004,1530.0,16.11,282.2
DUL-004,1560.0,14.51,282.2
DUL-004,1590.0,12.91,282.2
DUL-004,1620.0,11.31,282.2
DUL-004,1650.0,9.71,282.2
DUL-004,1680.0,8.11,282.2
DUL-004,1710.0,6.51,282.2
DUL-004,1740.0,4.92,282.2
DUL-004,1770.0,3.32,282.2
DUL-004,1800.0,2.66,282.2
DUL-004,1830.0,2.66,282.2
DUL-004,1860.0,2.66,282.2
DUL-004,1890.0,2.66,282.2
DUL-004,1920.0,2.66,282.2
DUL-004,1950.0,2.66,282.2
DUL-004,1980.0,2.66,282.2
DUL-004,2010.0,2.66,282.2
DUL-004,2040.0,2.66,282.2
DUL-004,2070.0,2.66,282.2
DUL-004,2100.0,2.66,282.2
DUL-004,2130.0,2.66,282.2
DUL-004,2160.0,2.66,282.2
DUL-004,2190.0,2.66,282.2
DUL-004,2220.0,2.66,282.2
DUL-004,2250.0,2.66,282.2
DUL-004,2280.0,2.66,282.2
DUL-004,2310.0,2.66,282.2
DUL-004,2340.0,2.66,282.2
DUL-004,2370.0,2.66,282.2
DUL-004,2400.0,2.66,282.2
DUL-004,2430.0,2.66,282.2
DUL-004,2460.0,2.66,282.2
DUL-004,2490.0,2.66,282.2
DUL-004,2520.0,2.66,282.2
DUL-004,2550.0,2.66,282.2
DUL-004,2580.0,2.66,282.2
DUL-004,2610.0,2.66,282.2
DUL-004,2640.0,2.66,282.2
DUL-004,2670.0,2.66,282.2
DUL-004,2700.0,2.66,282.2
DUL-004,2730.0,2.66,282.2
DUL-004,2760.0,2.66,282.2
DUL-004,2790.0,2.66,282.2
DUL-004,2820.0,2.66,282.2
DUL-004,2850.0,2.66,282.2
DUL-004,2880.0,2.66,282.2
DUL-004,2910.0,2.66,282.2
DUL-004,2940.0,2.66,282.2
DUL-004,2970.0,2.66,282.2
DUL-004,3000.0,2.66,282.2
DUL-004,3030.0,2.66,282.2
DUL-004,3060.0,2.66,282.2
DUL-004,3090.0,2.66,282.2
DUL-004,3120.0,2.66,282.2
DUL-004,3150.0,2.66,282.2
DUL-004,3180.0,2.66,282.2
DUL-004,3210.0,2.66,282.2
DUL-004,3240.0,2.66,282.2
DUL-004,3270.0,2.66,282.2
DUL-004,3300.0,2.66,282.2
DUL-004,3318.2,2.66,282.2
DUL-005,0.0,0.0,0.0
DUL-005,30.0,0.0,0.0
DUL-005,60.0,0.0,0.0
DUL-005,90.0,0.0,0.0
DUL-005,120.0,0.0,0.0
DUL-005,150.0,0.0,0.0
DUL-005,180.0,0.0,0.0
DUL-005,210.0,0.0,0.0
DUL-005,240.0,0.0,0.0
DUL-005,270.0,0.0,0.0
DUL-005,300.0,0.0,0.0
DUL-005,330.0,0.0,0.0
DUL-005,360.0,0.0,0.0
DUL-005,390.0,0.0,0.0
DUL-005,420.0,0.0,0.0
DUL-005,450.0,0.0,0.0
DUL-005,480.0,0.0,0.0
DUL-005,510.0,0.0,0.0
DUL-005,540.0,0.0,0.0
DUL-005,570.0,0.0,0.0
DUL-005,600.0,0.0,0.0
DUL-005,630.0,0.0,0.0
DUL-005,660.0,0.0,0.0
DUL-005,690.0,0.0,0.0
DUL-005,720.0,0.0,0.0
DUL-005,750.0,0.0,0.0
DUL-005,780.0,0.0,0.0
DUL-005,810.0,0.0,0.0
DUL-005,840.0,0.0,0.0
DUL-005,870.0,0.0,0.0
DUL-005,900.0,0.0,0.0
DUL-005,930.0,0.0,0.0
DUL-005,960.0,0.0,0.0
DUL-005,990.0,0.0,0.0
DUL-005,1020.0,0.0,0.0
DUL-005,1050.0,0.0,0.0
DUL-005,1080.0,0.0,0.0
DUL-005,1110.0,0.0,0.0
DUL-005,1140.0,0.0,0.0
DUL-005,1170.0,0.0,0.0
DUL-005,1200.0,0.0,0.0
DUL-005,1230.0,0.0,0.0
DUL-005,1260.0,0.0,0.0
DUL-005,1290.0,0.0,0.0
DUL-005,1320.0,0.0,0.0
DUL-005,1350.0,0.0,0.0
DUL-005,1380.0,0.0,0.0
DUL-005,1410.0,0.0,0.0
DUL-005,1440.0,0.0,0.0
DUL-005,1470.0,0.0,0.0
DUL-005,1500.0,0.0,0.0
DUL-005,1530.0,0.0,0.0
DUL-005,1560.0,0.0,0.0
DUL-005,1590.0,0.0,0.0
DUL-005,1620.0,0.0,0.0
DUL-005,1650.0,0.0,0.0
DUL-005,1680.0,0.0,0.0
DUL-005,1710.0,0.0,0.0
DUL-005,1740.0,0.0,0.0
DUL-005,1770.0,0.0,0.0
DUL-005,1800.0,0.0,0.0
DUL-005,1830.0,0.0,0.0
DUL-005,1860.0,0.0,0.0
DUL-005,1890.0,0.0,0.0
DUL-005,1920.0,0.0,0.0
DUL-005,1950.0,0.0,0.0
DUL-005,1980.0,0.0,0.0
DUL-005,2010.0,0.0,0.0
DUL-005,2040.0,0.0,0.0
DUL-005,2070.0,0.0,0.0
DUL-005,2100.0,0.0,0.0
DUL-005,2130.0,0.0,0.0
DUL-005,2160.0,0.0,0.0
DUL-005,2190.0,0.0,0.0
DUL-005,2220.0,0.0,0.0
DUL-005,2250.0,0.0,0.0
DUL-005,2280.0,0.0,0.0
DUL-005,2310.0,0.0,0.0
DUL-005,2340.0,0.0,0.0
DUL-005,2370.0,0.0,0.0
DUL-005,2400.0,0.0,0.0
DUL-005,2430.0,0.0,0.0
DUL-005,2460.0,0.0,0.0
DUL-005,2490.0,0.0,0.0
DUL-005,2520.0,0.0,0.0
DUL-005,2550.0,0.0,0.0
DUL-005,2580.0,0.0,0.0
DUL-005,2610.0,0.0,0.0
DUL-005,2640.0,0.0,0.0
DUL-005,2670.0,0.0,0.0
DUL-005,2700.0,0.0,0.0
DUL-005,2730.0,0.0,0.0
DUL-005,2760.0,0.0,0.0
DUL-005,2790.0,0.0,0.0
DUL-005,2820.0,0.0,0.0
DUL-005,2850.0,0.0,0.0
DUL-005,2880.0,0.0,0.0
DUL-005,2910.0,0.0,0.0
DUL-005,2940.0,0.0,0.0
DUL-005,2970.0,0.0,0.0
DUL-005,3000.0,0.0,0.0
DUL-005,3030.0,0.0,0.0
DUL-005,3060.0,0.0,0.0
DUL-005,3090.0,0.0,0.0
DUL-005,3120.0,0.0,0.0
DUL-005,3150.0,0.0,0.0
DUL-005,3180.0,0.0,0.0
DUL-005,3210.0,0.0,0.0
DUL-005,3240.0,0.0,0.0
DUL-005,3270.0,0.0,0.0
DUL-005,3270.8,0.0,0.0
DUL-006,0.0,0.0,0.0
DUL-006,30.0,0.0,0.0
DUL-006,60.0,0.0,0.0
DUL-006,90.0,0.0,0.0
DUL-006,120.0,0.0,0.0
DUL-006,150.0,0.0,0.0
DUL-006,180.0,0.0,0.0
DUL-006,210.0,0.0,0.0
DUL-006,240.0,0.0,0.0
DUL-006,270.0,0.0,0.0
DUL-006,300.0,0.0,0.0
DUL-006,330.0,0.0,0.0
DUL-006,360.0,0.0,0.0
DUL-006,390.0,0.0,0.0
DUL-006,420.0,0.0,0.0
DUL-006,450.0,0.0,0.0
DUL-006,480.0,0.0,0.0
DUL-006,510.0,0.0,0.0
DUL-006,540.0,0.0,0.0
DUL-006,570.0,0.0,0.0
DUL-006,600.0,0.0,0.0
DUL-006,630.0,0.0,0.0
DUL-006,660.0,0.0,0.0
DUL-006,690.0,0.0,0.0
DUL-006,720.0,0.0,0.0
DUL-006,750.0,0.0,0.0
DUL-006,780.0,0.0,0.0
DUL-006,810.0,0.0,0.0
DUL-006,840.0,0.0,0.0
DUL-006,870.0,0.0,0.0
DUL-006,900.0,0.0,0.0
DUL-006,930.0,0.0,0.0
DUL-006,960.0,0.0,0.0
DUL-006,990.0,0.0,0.0
DUL-006,1020.0,0.0,0.0
DUL-006,1050.0,0.0,0.0
DUL-006,1080.0,0.0,0.0
DUL-006,1110.0,0.0,0.0
DUL-006,1140.0,0.0,0.0
DUL-006,1170.0,0.0,0.0
DUL-006,1200.0,0.0,0.0
DUL-006,1230.0,0.0,0.0
DUL-006,1260.0,0.0,0.0
DUL-006,1290.0,0.0,0.0
DUL-006,1320.0,0.0,0.0
DUL-006,1350.0,0.0,0.0
DUL-006,1380.0,0.0,0.0
DUL-006,1410.0,0.0,0.0
DUL-006,1440.0,0.0,0.0
DUL-006,1470.0,0.0,0.0
DUL-006,1500.0,0.0,0.0
DUL-006,1530.0,0.0,0.0
DUL-006,1560.0,0.0,0.0
DUL-006,1590.0,0.0,0.0
DUL-006,1620.0,0.0,0.0
DUL-006,1650.0,0.0,0.0
DUL-006,1680.0,0.0,0.0
DUL-006,1710.0,0.0,0.0
DUL-006,1740.0,0.0,0.0
DUL-006,1770.0,0.0,0.0
DUL-006,1800.0,0.0,0.0
DUL-006,1830.0,0.0,0.0
DUL-006,1860.0,0.0,0.0
DUL-006,1890.0,0.0,0.0
DUL-006,1920.0,0.0,0.0
DUL-006,1950.0,0.0,0.0
DUL-006,1980.0,0.0,0.0
DUL-006,2010.0,0.0,0.0
DUL-006,2040.0,0.0,0.0
DUL-006,2070.0,0.0,0.0
DUL-006,2100.0,0.0,0.0
DUL-006,2130.0,0.0,0.0
DUL-006,2160.0,0.0,0.0
DUL-006,2190.0,0.0,0.0
DUL-006,2220.0,0.0,0.0
DUL-006,2250.0,0.0,0.0
DUL-006,2280.0,0.0,0.0
DUL-006,2310.0,0.0,0.0
DUL-006,2340.0,0.0,0.0
DUL-006,2370.0,0.0,0.0
DUL-006,2400.0,0.0,0.0
DUL-006,2430.0,0.0,0.0
DUL-006,2460.0,0.0,0.0
DUL-006,2490.0,0.0,0.0
DUL-006,2520.0,0.0,0.0
DUL-006,2550.0,0.0,0.0
DUL-006,2580.0,0.0,0.0
DUL-006,2610.0,0.0,0.0
DUL-006,2640.0,0.0,0.0
DUL-006,2670.0,0.0,0.0
DUL-006,2700.0,0.0,0.0
DUL-006,2730.0,0.0,0.0
DUL-006,2760.0,0.0,0.0
DUL-006,2790.0,0.0,0.0
DUL-006,2820.0,0.0,0.0
DUL-006,2850.0,0.0,0.0
DUL-006,2880.0,0.0,0.0
DUL-006,2910.0,0.0,0.0
DUL-006,2940.0,0.0,0.0
DUL-006,2970.0,0.0,0.0
DUL-006,3000.0,0.0,0.0
DUL-006,3030.0,0.0,0.0
DUL-006,3060.0,0.0,0.0
DUL-006,3090.0,0.0,0.0
DUL-006,3120.0,0.0,0.0
DUL-006,3150.0,0.0,0.0
DUL-006,3180.0,0.0,0.0
DUL-006,3210.0,0.0,0.0
DUL-006,3240.0,0.0,0.0
DUL-006,3257.9,0.0,0.0
DUL-007,0.0,0.0,0.0
DUL-007,30.0,0.0,0.0
DUL-007,60.0,0.0,0.0
DUL-007,90.0,0.0,0.0
DUL-007,120.0,0.0,0.0
DUL-007,150.0,0.0,0.0
DUL-007,180.0,0.0,0.0
DUL-007,210.0,0.0,0.0
DUL-007,240.0,0.0,0.0
DUL-007,270.0,0.0,0.0
DUL-007,300.0,0.0,0.0
DUL-007,330.0,0.0,0.0
DUL-007,360.0,0.0,0.0
DUL-007,390.0,0.0,0.0
DUL-007,420.0,0.0,0.0
DUL-007,450.0,0.0,0.0
DUL-007,480.0,0.0,0.0
DUL-007,510.0,0.0,0.0
DUL-007,540.0,0.0,0.0
DUL-007,570.0,0.0,0.0
DUL-007,600.0,0.0,0.0
DUL-007,630.0,0.0,0.0
DUL-007,660.0,0.0,0.0
DUL-007,690.0,0.0,0.0
DUL-007,720.0,0.0,0.0
DUL-007,750.0,0.0,0.0
DUL-007,780.0,0.0,0.0
DUL-007,810.0,0.0,0.0
DUL-007,840.0,0.0,0.0
DUL-007,870.0,0.0,0.0
DUL-007,900.0,0.0,0.0
DUL-007,930.0,0.0,0.0
DUL-007,960.0,0.0,0.0
DUL-007,990.0,0.0,0.0
DUL-007,1020.0,0.0,0.0
DUL-007,1050.0,0.0,0.0
DUL-007,1080.0,0.0,0.0
DUL-007,1110.0,0.0,0.0
DUL-007,1140.0,0.0,0.0
DUL-007,1170.0,0.0,0.0
DUL-007,1200.0,0.0,0.0
DUL-007,1230.0,0.0,0.0
DUL-007,1260.0,0.0,0.0
DUL-007,1290.0,0.0,0.0
DUL-007,1320.0,0.0,0.0
DUL-007,1350.0,0.0,0.0
DUL-007,1380.0,0.0,0.0
DUL-007,1410.0,0.0,0.0
DUL-007,1440.0,0.0,0.0
DUL-007,1470.0,0.0,0.0
DUL-007,1500.0,0.0,0.0
DUL-007,1530.0,0.0,0.0
DUL-007,1560.0,0.0,0.0
DUL-007,1590.0,0.0,0.0
DUL-007,1620.0,0.0,0.0
DUL-007,1650.0,0.0,0.0
DUL-007,1680.0,0.0,0.0
DUL-007,1710.0,0.0,0.0
DUL-007,1740.0,0.0,0.0
DUL-007,1770.0,0.0,0.0
DUL-007,1800.0,0.0,0.0
DUL-007,1830.0,0.0,0.0
DUL-007,1860.0,0.0,0.0
DUL-007,1890.0,0.0,0.0
DUL-007,1920.0,0.0,0.0
DUL-007,1950.0,0.0,0.0
DUL-007,1980.0,0.0,0.0
DUL-007,2010.0,0.0,0.0
DUL-007,2040.0,0.0,0.0
DUL-007,2070.0,0.0,0.0
DUL-007,2100.0,0.0,0.0
DUL-007,2130.0,0.0,0.0
DUL-007,2160.0,0.0,0.0
DUL-007,2190.0,0.0,0.0
DUL-007,2220.0,0.0,0.0
DUL-007,2250.0,0.0,0.0
DUL-007,2280.0,0.0,0.0
DUL-007,2310.0,0.0,0.0
DUL-007,2340.0,0.0,0.0
DUL-007,2370.0,0.0,0.0
DUL-007,2400.0,0.0,0.0
DUL-007,2430.0,0.0,0.0
DUL-007,2460.0,0.0,0.0
DUL-007,2490.0,0.0,0.0
DUL-007,2520.0,0.0,0.0
DUL-007,2550.0,0.0,0.0
DUL-007,2580.0,0.0,0.0
DUL-007,2610.0,0.0,0.0
DUL-007,2640.0,0.0,0.0
DUL-007,2670.0,0.0,0.0
DUL-007,2700.0,0.0,0.0
DUL-007,2730.0,0.0,0.0
DUL-007,2760.0,0.0,0.0
DUL-007,2790.0,0.0,0.0
DUL-007,2820.0,0.0,0.0
DUL-007,2850.0,0.0,0.0
DUL-007,2880.0,0.0,0.0
DUL-007,2910.0,0.0,0.0
DUL-007,2940.0,0.0,0.0
DUL-007,2970.0,0.0,0.0
DUL-007,3000.0,0.0,0.0
DUL-007,3030.0,0.0,0.0
DUL-007,3060.0,0.0,0.0
DUL-007,3090.0,0.0,0.0
DUL-007,3120.0,0.0,0.0
DUL-007,3150.0,0.0,0.0
DUL-007,3180.0,0.0,0.0
DUL-007,3192.6,0.0,0.0
DUL-008,0.0,0.0,0.0
DUL-008,30.0,0.0,0.0
DUL-008,60.0,0.0,0.0
DUL-008,90.0,0.0,0.0
DUL-008,120.0,0.0,0.0
DUL-008,150.0,0.0,0.0
DUL-008,180.0,0.0,0.0
DUL-008,210.0,0.0,0.0
DUL-008,240.0,0.0,0.0
DUL-008,270.0,0.0,0.0
DUL-008,300.0,0.0,0.0
DUL-008,330.0,0.0,0.0
DUL-008,360.0,0.0,0.0
DUL-008,390.0,0.0,0.0
DUL-008,420.0,0.0,0.0
DUL-008,450.0,0.0,0.0
DUL-008,480.0,0.0,0.0
DUL-008,510.0,0.0,0.0
DUL-008,540.0,0.0,0.0
DUL-008,570.0,0.0,0.0
DUL-008,600.0,0.0,0.0
DUL-008,630.0,0.0,0.0
DUL-008,660.0,0.0,0.0
DUL-008,690.0,0.0,0.0
DUL-008,720.0,0.0,0.0
DUL-008,750.0,0.0,0.0
DUL-008,780.0,0.0,0.0
DUL-008,810.0,0.0,0.0
DUL-008,840.0,0.0,0.0
DUL-008,870.0,0.0,0.0
DUL-008,900.0,0.0,0.0
DUL-008,930.0,0.0,0.0
DUL-008,960.0,0.0,0.0
DUL-008,990.0,0.0,0.0
DUL-008,1020.0,0.0,0.0
DUL-008,1050.0,0.0,0.0
DUL-008,1080.0,0.0,0.0
DUL-008,1110.0,0.0,0.0
DUL-008,1140.0,0.0,0.0
DUL-008,1170.0,0.0,0.0
DUL-008,1200.0,0.0,0.0
DUL-008,1230.0,0.0,0.0
DUL-008,1260.0,0.0,0.0
DUL-008,1290.0,0.0,0.0
DUL-008,1320.0,0.0,0.0
DUL-008,1350.0,0.0,0.0
DUL-008,1380.0,0.0,0.0
DUL-008,1410.0,0.0,0.0
DUL-008,1440.0,0.0,0.0
DUL-008,1470.0,0.0,0.0
DUL-008,1500.0,0.0,0.0
DUL-008,1530.0,0.0,0.0
DUL-008,1560.0,0.0,0.0
DUL-008,1590.0,0.0,0.0
DUL-008,1620.0,0.0,0.0
DUL-008,1650.0,0.0,0.0
DUL-008,1680.0,0.0,0.0
DUL-008,1710.0,0.0,0.0
DUL-008,1740.0,0.0,0.0
DUL-008,1770.0,0.0,0.0
DUL-008,1800.0,0.0,0.0
DUL-008,1830.0,0.0,0.0
DUL-008,1860.0,0.0,0.0
DUL-008,1890.0,0.0,0.0
DUL-008,1920.0,0.0,0.0
DUL-008,1950.0,0.0,0.0
DUL-008,1980.0,0.0,0.0
DUL-008,2010.0,0.0,0.0
DUL-008,2040.0,0.0,0.0
DUL-008,2070.0,0.0,0.0
DUL-008,2100.0,0.0,0.0
DUL-008,2130.0,0.0,0.0
DUL-008,2160.0,0.0,0.0
DUL-008,2190.0,0.0,0.0
DUL-008,2220.0,0.0,0.0
DUL-008,2250.0,0.0,0.0
DUL-008,2280.0,0.0,0.0
DUL-008,2310.0,0.0,0.0
DUL-008,2340.0,0.0,0.0
DUL-008,2370.0,0.0,0.0
DUL-008,2400.0,0.0,0.0
DUL-008,2430.0,0.0,0.0
DUL-008,2460.0,0.0,0.0
DUL-008,2490.0,0.0,0.0
DUL-008,2520.0,0.0,0.0
DUL-008,2550.0,0.0,0.0
DUL-008,2580.0,0.0,0.0
DUL-008,2610.0,0.0,0.0
DUL-008,2640.0,0.0,0.0
DUL-008,2670.0,0.0,0.0
DUL-008,2700.0,0.0,0.0
DUL-008,2730.0,0.0,0.0
DUL-008,2760.0,0.0,0.0
DUL-008,2790.0,0.0,0.0
DUL-008,2820.0,0.0,0.0
DUL-008,2850.0,0.0,0.0
DUL-008,2880.0,0.0,0.0
DUL-008,2910.0,0.0,0.0
DUL-008,2940.0,0.0,0.0
DUL-008,2970.0,0.0,0.0
DUL-008,3000.0,0.0,0.0
DUL-008,3030.0,0.0,0.0
DUL-008,3060.0,0.0,0.0
DUL-008,3090.0,0.0,0.0
DUL-008,3120.0,0.0,0.0
DUL-008,3150.0,0.0,0.0
DUL-008,3180.0,0.0,0.0
DUL-008,3210.0,0.0,0.0
DUL-008,3240.0,0.0,0.0
DUL-008,3270.0,0.0,0.0
DUL-008,3300.0,0.0,0.0
DUL-008,3317.5,0.0,0.0
DUL-009,0.0,0.0,0.0
DUL-009,30.0,0.0,0.0
DUL-009,60.0,0.0,0.0
DUL-009,90.0,0.0,0.0
DUL-009,120.0,0.0,0.0
DUL-009,150.0,0.0,0.0
DUL-009,180.0,0.0,0.0
DUL-009,210.0,0.0,0.0
DUL-009,240.0,0.0,0.0
DUL-009,270.0,0.0,0.0
DUL-009,300.0,0.0,0.0
DUL-009,330.0,0.0,0.0
DUL-009,360.0,0.0,0.0
DUL-009,390.0,0.0,0.0
DUL-009,420.0,0.0,0.0
DUL-009,450.0,0.0,0.0
DUL-009,480.0,0.0,0.0
DUL-009,510.0,0.0,0.0
DUL-009,540.0,0.0,0.0
DUL-009,570.0,0.0,0.0
DUL-009,600.0,0.0,0.0
DUL-009,630.0,0.0,0.0
DUL-009,660.0,0.0,0.0
DUL-009,690.0,0.0,0.0
DUL-009,720.0,0.0,0.0
DUL-009,750.0,0.0,0.0
DUL-009,780.0,0.0,0.0
DUL-009,810.0,0.0,0.0
DUL-009,840.0,0.0,0.0
DUL-009,870.0,0.0,0.0
DUL-009,900.0,0.0,0.0
DUL-009,930.0,0.0,0.0
DUL-009,960.0,0.0,0.0
DUL-009,990.0,0.0,0.0
DUL-009,1020.0,0.0,0.0
DUL-009,1050.0,0.0,0.0
DUL-009,1080.0,0.0,0.0
DUL-009,1110.0,0.0,0.0
DUL-009,1140.0,0.0,0.0
DUL-009,1170.0,0.0,0.0
DUL-009,1200.0,0.0,0.0
DUL-009,1230.0,0.0,0.0
DUL-009,1260.0,0.0,0.0
DUL-009,1290.0,0.0,0.0
DUL-009,1320.0,0.0,0.0
DUL-009,1350.0,0.0,0.0
DUL-009,1380.0,0.0,0.0
DUL-009,1410.0,0.0,0.0
DUL-009,1440.0,0.0,0.0
DUL-009,1470.0,0.0,0.0
DUL-009,1500.0,0.0,0.0
DUL-009,1530.0,0.0,0.0
DUL-009,1560.0,0.0,0.0
DUL-009,1590.0,0.0,0.0
DUL-009,1620.0,0.0,0.0
DUL-009,1650.0,0.0,0.0
DUL-009,1680.0,0.0,0.0
DUL-009,1710.0,0.0,0.0
DUL-009,1740.0,0.0,0.0
DUL-009,1770.0,0.0,0.0
DUL-009,1800.0,0.0,0.0
DUL-009,1830.0,0.0,0.0
DUL-009,1860.0,0.0,0.0
DUL-009,1890.0,0.0,0.0
DUL-009,1920.0,0.0,0.0
DUL-009,1950.0,0.0,0.0
DUL-009,1980.0,0.0,0.0
DUL-009,2010.0,0.0,0.0
DUL-009,2040.0,0.0,0.0
DUL-009,2070.0,0.0,0.0
DUL-009,2100.0,0.0,0.0
DUL-009,2130.0,0.0,0.0
DUL-009,2160.0,0.0,0.0
DUL-009,2190.0,0.0,0.0
DUL-009,2220.0,0.0,0.0
DUL-009,2250.0,0.0,0.0
DUL-009,2280.0,0.0,0.0
DUL-009,2310.0,0.0,0.0
DUL-009,2340.0,0.0,0.0
DUL-009,2370.0,0.0,0.0
DUL-009,2400.0,0.0,0.0
DUL-009,2430.0,0.0,0.0
DUL-009,2460.0,0.0,0.0
DUL-009,2490.0,0.0,0.0
DUL-009,2520.0,0.0,0.0
DUL-009,2550.0,0.0,0.0
DUL-009,2580.0,0.0,0.0
DUL-009,2610.0,0.0,0.0
DUL-009,2640.0,0.0,0.0
DUL-009,2670.0,0.0,0.0
DUL-009,2700.0,0.0,0.0
DUL-009,2730.0,0.0,0.0
DUL-009,2760.0,0.0,0.0
DUL-009,2790.0,0.0,0.0
DUL-009,2820.0,0.0,0.0
DUL-009,2850.0,0.0,0.0
DUL-009,2880.0,0.0,0.0
DUL-009,2910.0,0.0,0.0
DUL-009,2940.0,0.0,0.0
DUL-009,2970.0,0.0,0.0
DUL-009,3000.0,0.0,0.0
DUL-009,3030.0,0.0,0.0
DUL-009,3060.0,0.0,0.0
DUL-009,3090.0,0.0,0.0
DUL-009,3120.0,0.0,0.0
DUL-009,3136.8,0.0,0.0
DUL-010,0.0,0.0,0.0
DUL-010,30.0,0.0,0.0
DUL-010,60.0,0.0,0.0
DUL-010,90.0,0.0,0.0
DUL-010,120.0,0.0,0.0
DUL-010,150.0,0.0,0.0
DUL-010,180.0,0.0,0.0
DUL-010,210.0,0.0,0.0
DUL-010,240.0,0.0,0.0
DUL-010,270.0,0.0,0.0
DUL-010,300.0,0.0,0.0
DUL-010,330.0,0.0,0.0
DUL-010,360.0,0.0,0.0
DUL-010,390.0,0.0,0.0
DUL-010,420.0,0.0,0.0
DUL-010,450.0,0.0,0.0
DUL-010,480.0,0.0,0.0
DUL-010,510.0,0.0,0.0
DUL-010,540.0,0.0,0.0
DUL-010,570.0,0.0,0.0
DUL-010,600.0,0.0,0.0
DUL-010,630.0,0.0,0.0
DUL-010,660.0,0.24,156.63
DUL-010,690.0,3.14,156.63
DUL-010,720.0,6.05,156.63
DUL-010,750.0,8.95,156.63
DUL-010,780.0,11.86,156.63
DUL-010,810.0,14.76,156.63
DUL-010,840.0,17.66,156.63
DUL-010,870.0,20.12,156.63
DUL-010,900.0,20.12,156.63
DUL-010,930.0,20.12,156.63
DUL-010,960.0,20.12,156.63
DUL-010,990.0,20.12,156.63
DUL-010,1020.0,20.12,156.63
DUL-010,1050.0,20.12,156.63
DUL-010,1080.0,20.12,156.63
DUL-010,1110.0,20.12,156.63
DUL-010,1140.0,20.12,156.63
DUL-010,1170.0,20.12,156.63
DUL-010,1200.0,20.12,156.63
DUL-010,1230.0,20.12,156.63
DUL-010,1260.0,20.12,156.63
DUL-010,1290.0,19.38,156.63
DUL-010,1320.0,18.52,156.63
DUL-010,1350.0,17.67,156.63
DUL-010,1380.0,16.81,156.63
DUL-010,1410.0,15.95,156.63
DUL-010,1440.0,15.1,156.63
DUL-010,1470.0,14.24,156.63
DUL-010,1500.0,13.38,156.63
DUL-010,1530.0,12.53,156.63
DUL-010,1560.0,11.67,156.63
DUL-010,1590.0,10.81,156.63
DUL-010,1620.0,9.96,156.63
DUL-010,1650.0,9.1,156.63
DUL-010,1680.0,8.24,156.63
DUL-010,1710.0,7.39,156.63
DUL-010,1740.0,6.53,156.63
DUL-010,1770.0,5.67,156.63
DUL-010,1800.0,4.82,156.63
DUL-010,1830.0,3.97,156.63
DUL-010,1860.0,3.97,156.63
DUL-010,1890.0,3.97,156.63
DUL-010,1920.0,3.97,156.63
DUL-010,1950.0,3.97,156.63
DUL-010,1980.0,3.97,156.63
DUL-010,2010.0,3.97,156.63
DUL-010,2040.0,3.97,156.63
DUL-010,2070.0,3.97,156.63
DUL-010,2100.0,3.97,156.63
DUL-010,2130.0,3.97,156.63
DUL-010,2160.0,3.97,156.63
DUL-010,2190.0,3.97,156.63
DUL-010,2220.0,3.97,156.63
DUL-010,2250.0,3.97,156.63
DUL-010,2280.0,3.97,156.63
DUL-010,2310.0,3.97,156.63
DUL-010,2340.0,3.97,156.63
DUL-010,2370.0,3.97,156.63
DUL-010,2400.0,3.97,156.63
DUL-010,2430.0,3.97,156.63
DUL-010,2460.0,3.97,156.63
DUL-010,2490.0,3.97,156.63
DUL-010,2520.0,3.97,156.63
DUL-010,2550.0,3.97,156.63
DUL-010,2580.0,3.97,156.63
DUL-010,2610.0,3.97,156.63
DUL-010,2640.0,3.97,156.63
DUL-010,2670.0,3.97,156.63
DUL-010,2700.0,3.97,156.63
DUL-010,2730.0,3.97,156.63
DUL-010,2760.0,3.97,156.63
DUL-010,2790.0,3.97,156.63
DUL-010,2820.0,3.97,156.63
DUL-010,2850.0,3.97,156.63
DUL-010,2880.0,3.97,156.63
DUL-010,2910.0,3.97,156.63
DUL-010,2940.0,3.97,156.63
DUL-010,2970.0,3.97,156.63
DUL-010,3000.0,3.97,156.63
DUL-010,3030.0,3.97,156.63
DUL-010,3060.0,3.97,156.63
DUL-010,3090.0,3.97,156.63
DUL-010,3120.0,3.97,156.63
DUL-010,3150.0,3.97,156.63
DUL-010,3180.0,3.97,156.63
DUL-010,3210.0,3.97,156.63
DUL-010,3240.0,3.97,156.63
DUL-010,3270.0,3.97,156.63
DUL-010,3300.0,3.97,156.63
DUL-010,3330.0,3.97,156.63
DUL-010,3360.0,3.97,156.63
DUL-010,3390.0,3.97,156.63
DUL-010,3420.0,3.97,156.63
DUL-010,3450.0,3.97,156.63
DUL-010,3480.0,3.97,156.63
DUL-010,3510.0,3.97,156.63
DUL-010,3540.0,3.97,156.63
DUL-010,3570.0,3.97,156.63
DUL-010,3600.0,3.97,156.63
DUL-010,3630.0,3.97,156.63
DUL-010,3650.5,3.97,156.63
DUL-011,0.0,0.0,0.0
DUL-011,30.0,0.0,0.0
DUL-011,60.0,0.0,0.0
DUL-011,90.0,0.0,0.0
DUL-011,120.0,0.0,0.0
DUL-011,150.0,0.0,0.0
DUL-011,180.0,0.0,0.0
DUL-011,210.0,0.0,0.0
DUL-011,240.0,0.0,0.0
DUL-011,270.0,0.0,0.0
DUL-011,300.0,0.0,0.0
DUL-011,330.0,0.0,0.0
DUL-011,360.0,0.0,0.0
DUL-011,390.0,0.0,0.0
DUL-011,420.0,0.0,0.0
DUL-011,450.0,0.0,0.0
DUL-011,480.0,0.0,0.0
DUL-011,510.0,0.0,0.0
DUL-011,540.0,0.0,0.0
DUL-011,570.0,0.0,0.0
DUL-011,600.0,0.0,0.0
DUL-011,630.0,0.0,0.0
DUL-011,660.0,0.0,0.0
DUL-011,690.0,0.0,0.0
DUL-011,720.0,0.0,0.0
DUL-011,750.0,0.0,0.0
DUL-011,780.0,0.0,0.0
DUL-011,810.0,0.0,0.0
DUL-011,840.0,1.44,70.72
DUL-011,870.0,3.21,70.72
DUL-011,900.0,4.98,70.72
DUL-011,930.0,6.75,70.72
DUL-011,960.0,8.52,70.72
DUL-011,990.0,10.29,70.72
DUL-011,1020.0,12.05,70.72
DUL-011,1050.0,13.82,70.72
DUL-011,1080.0,15.59,70.72
DUL-011,1110.0,17.36,70.72
DUL-011,1140.0,18.07,70.72
DUL-011,1170.0,18.07,70.72
DUL-011,1200.0,18.07,70.72
DUL-011,1230.0,18.07,70.72
DUL-011,1260.0,18.07,70.72
DUL-011,1290.0,18.07,70.72
DUL-011,1320.0,18.07,70.72
DUL-011,1350.0,18.07,70.72
DUL-011,1380.0,18.07,70.72
DUL-011,1410.0,18.07,70.72
DUL-011,1440.0,18.07,70.72
DUL-011,1470.0,18.07,70.72
DUL-011,1500.0,18.07,70.72
DUL-011,1530.0,18.07,70.72
DUL-011,1560.0,18.07,70.72
DUL-011,1590.0,18.07,70.72
DUL-011,1620.0,18.07,70.72
DUL-011,1650.0,18.07,70.72
DUL-011,1680.0,18.07,70.72
DUL-011,1710.0,18.07,70.72
DUL-011,1740.0,18.07,70.72
DUL-011,1770.0,18.07,70.72
DUL-011,1800.0,16.74,70.72
DUL-011,1830.0,14.59,70.72
DUL-011,1860.0,12.44,70.72
DUL-011,1890.0,10.28,70.72
DUL-011,1920.0,8.13,70.72
DUL-011,1950.0,5.98,70.72
DUL-011,1980.0,3.83,70.72
DUL-011,2010.0,1.67,70.72
DUL-011,2040.0,1.24,70.72
DUL-011,2070.0,1.24,70.72
DUL-011,2100.0,1.24,70.72
DUL-011,2130.0,1.24,70.72
DUL-011,2160.0,1.24,70.72
DUL-011,2190.0,1.24,70.72
DUL-011,2220.0,1.24,70.72
DUL-011,2250.0,1.24,70.72
DUL-011,2280.0,1.24,70.72
DUL-011,2310.0,1.24,70.72
DUL-011,2340.0,1.24,70.72
DUL-011,2370.0,1.24,70.72
DUL-011,2400.0,1.24,70.72
DUL-011,2430.0,1.24,70.72
DUL-011,2460.0,1.24,70.72
DUL-011,2490.0,1.24,70.72
DUL-011,2520.0,1.24,70.72
DUL-011,2550.0,1.24,70.72
DUL-011,2580.0,1.24,70.72
DUL-011,2610.0,1.24,70.72
DUL-011,2640.0,1.24,70.72
DUL-011,2670.0,1.24,70.72
DUL-011,2700.0,1.24,70.72
DUL-011,2730.0,1.24,70.72
DUL-011,2760.0,1.24,70.72
DUL-011,2790.0,1.24,70.72
DUL-011,2820.0,1.24,70.72
DUL-011,2850.0,1.24,70.72
DUL-011,2880.0,1.24,70.72
DUL-011,2910.0,1.24,70.72
DUL-011,2940.0,1.24,70.72
DUL-011,2970.0,1.24,70.72
DUL-011,3000.0,1.24,70.72
DUL-011,3030.0,1.24,70.72
DUL-011,3060.0,1.24,70.72
DUL-011,3090.0,1.24,70.72
DUL-011,3120.0,1.24,70.72
DUL-011,3150.0,1.24,70.72
DUL-011,3180.0,1.24,70.72
DUL-011,3210.0,1.24,70.72
DUL-011,3240.0,1.24,70.72
DUL-011,3270.0,1.24,70.72
DUL-011,3300.0,1.24,70.72
DUL-011,3330.0,1.24,70.72
DUL-011,3360.0,1.24,70.72
DUL-011,3390.0,1.24,70.72
DUL-011,3420.0,1.24,70.72
DUL-011,3450.0,1.24,70.72
DUL-011,3454.9,1.24,70.72
DUL-012,0.0,0.0,0.0
DUL-012,30.0,0.0,0.0
DUL-012,60.0,0.0,0.0
DUL-012,90.0,0.0,0.0
DUL-012,120.0,0.0,0.0
DUL-012,150.0,0.0,0.0
DUL-012,180.0,0.0,0.0
DUL-012,210.0,0.0,0.0
DUL-012,240.0,0.0,0.0
DUL-012,270.0,0.0,0.0
DUL-012,300.0,0.0,0.0
DUL-012,330.0,0.0,0.0
DUL-012,360.0,0.0,0.0
DUL-012,390.0,0.0,0.0
DUL-012,420.0,0.0,0.0
DUL-012,450.0,0.0,0.0
DUL-012,480.0,0.0,0.0
DUL-012,510.0,0.0,0.0
DUL-012,540.0,0.0,0.0
DUL-012,570.0,0.0,0.0
DUL-012,600.0,0.0,0.0
DUL-012,630.0,0.0,0.0
DUL-012,660.0,0.0,0.0
DUL-012,690.0,0.0,0.0
DUL-012,720.0,0.0,0.0
DUL-012,750.0,0.0,0.0
DUL-012,780.0,0.0,0.0
DUL-012,810.0,0.0,0.0
DUL-012,840.0,0.0,0.0
DUL-012,870.0,0.0,0.0
DUL-012,900.0,0.0,0.0
DUL-012,930.0,0.0,0.0
DUL-012,960.0,0.0,0.0
DUL-012,990.0,0.0,0.0
DUL-012,1020.0,0.0,0.0
DUL-012,1050.0,0.0,0.0
DUL-012,1080.0,0.0,0.0
DUL-012,1110.0,0.0,0.0
DUL-012,1140.0,0.0,0.0
DUL-012,1170.0,0.0,0.0
DUL-012,1200.0,0.0,0.0
DUL-012,1230.0,0.0,0.0
DUL-012,1260.0,0.0,0.0
DUL-012,1290.0,0.0,0.0
DUL-012,1320.0,0.0,0.0
DUL-012,1350.0,0.0,0.0
DUL-012,1380.0,0.0,0.0
DUL-012,1410.0,0.0,0.0
DUL-012,1440.0,0.0,0.0
DUL-012,1470.0,0.0,0.0
DUL-012,1500.0,0.0,0.0
DUL-012,1530.0,0.0,0.0
DUL-012,1560.0,0.0,0.0
DUL-012,1590.0,0.0,0.0
DUL-012,1620.0,0.0,0.0
DUL-012,1650.0,0.0,0.0
DUL-012,1680.0,0.0,0.0
DUL-012,1710.0,0.0,0.0
DUL-012,1740.0,0.0,0.0
DUL-012,1770.0,0.0,0.0
DUL-012,1800.0,0.0,0.0
DUL-012,1830.0,0.0,0.0
DUL-012,1860.0,0.0,0.0
DUL-012,1890.0,0.0,0.0
DUL-012,1920.0,0.0,0.0
DUL-012,1950.0,0.0,0.0
DUL-012,1980.0,0.0,0.0
DUL-012,2010.0,0.0,0.0
DUL-012,2040.0,0.0,0.0
DUL-012,2070.0,0.0,0.0
DUL-012,2100.0,0.0,0.0
DUL-012,2130.0,0.0,0.0
DUL-012,2160.0,0.0,0.0
DUL-012,2190.0,0.0,0.0
DUL-012,2220.0,0.0,0.0
DUL-012,2250.0,0.0,0.0
DUL-012,2280.0,0.0,0.0
DUL-012,2310.0,0.0,0.0
DUL-012,2340.0,0.0,0.0
DUL-012,2370.0,0.0,0.0
DUL-012,2400.0,0.0,0.0
DUL-012,2430.0,0.0,0.0
DUL-012,2460.0,0.0,0.0
DUL-012,2490.0,0.0,0.0
DUL-012,2520.0,0.0,0.0
DUL-012,2550.0,0.0,0.0
DUL-012,2580.0,0.0,0.0
DUL-012,2610.0,0.0,0.0
DUL-012,2640.0,0.0,0.0
DUL-012,2670.0,0.0,0.0
DUL-012,2700.0,0.0,0.0
DUL-012,2730.0,0.0,0.0
DUL-012,2760.0,0.0,0.0
DUL-012,2790.0,0.0,0.0
DUL-012,2820.0,0.0,0.0
DUL-012,2850.0,0.0,0.0
DUL-012,2880.0,0.0,0.0
DUL-012,2910.0,0.0,0.0
DUL-012,2940.0,0.0,0.0
DUL-012,2970.0,0.0,0.0
DUL-012,3000.0,0.0,0.0
DUL-012,3030.0,0.0,0.0
DUL-012,3060.0,0.0,0.0
DUL-012,3090.0,0.0,0.0
DUL-012,3120.0,0.0,0.0
DUL-012,3150.0,0.0,0.0
DUL-012,3180.0,0.0,0.0
DUL-012,3210.0,0.0,0.0
DUL-012,3240.0,0.0,0.0
DUL-012,3270.0,0.0,0.0
DUL-012,3300.0,0.0,0.0
DUL-012,3330.0,0.0,0.0
DUL-012,3360.0,0.0,0.0
DUL-012,3390.0,0.0,0.0
DUL-012,3401.9,0.0,0.0
MOR-001,0.0,0.0,0.0
MOR-001,30.0,0.0,0.0
MOR-001,60.0,0.0,0.0
MOR-001,90.0,0.0,0.0
MOR-001,120.0,0.0,0.0
MOR-001,150.0,0.0,0.0
MOR-001,180.0,0.0,0.0
MOR-001,210.0,0.0,0.0
MOR-001,240.0,0.0,0.0
MOR-001,270.0,0.0,0.0
MOR-001,300.0,0.0,0.0
MOR-001,330.0,0.0,0.0
MOR-001,360.0,0.0,0.0
MOR-001,390.0,0.0,0.0
MOR-001,420.0,0.0,0.0
MOR-001,450.0,0.0,0.0
MOR-001,480.0,0.0,0.0
MOR-001,510.0,0.0,0.0
MOR-001,540.0,0.0,0.0
MOR-001,570.0,0.0,0.0
MOR-001,600.0,0.0,0.0
MOR-001,630.0,0.0,0.0
MOR-001,660.0,0.0,0.0
MOR-001,690.0,0.0,0.0
MOR-001,720.0,0.0,0.0
MOR-001,750.0,0.0,0.0
MOR-001,780.0,0.0,0.0
MOR-001,810.0,0.0,0.0
MOR-001,840.0,0.0,0.0
MOR-001,870.0,0.0,0.0
MOR-001,900.0,0.0,0.0
MOR-001,930.0,0.0,0.0
MOR-001,960.0,0.0,0.0
MOR-001,990.0,0.0,0.0
MOR-001,1020.0,0.0,0.0
MOR-001,1050.0,0.0,0.0
MOR-001,1080.0,0.0,0.0
MOR-001,1110.0,0.0,0.0
MOR-001,1140.0,0.0,0.0
MOR-001,1170.0,0.0,0.0
MOR-001,1200.0,0.0,0.0
MOR-001,1230.0,0.0,0.0
MOR-001,1260.0,0.0,0.0
MOR-001,1290.0,0.0,0.0
MOR-001,1320.0,0.0,0.0
MOR-001,1350.0,0.0,0.0
MOR-001,1380.0,0.0,0.0
MOR-001,1410.0,0.0,0.0
MOR-001,1440.0,0.0,0.0
MOR-001,1470.0,0.0,0.0
MOR-001,1500.0,0.0,0.0
MOR-001,1530.0,0.0,0.0
MOR-001,1560.0,0.0,0.0
MOR-001,1590.0,0.0,0.0
MOR-001,1620.0,0.0,0.0
MOR-001,1650.0,0.0,0.0
MOR-001,1680.0,0.0,0.0
MOR-001,1710.0,0.0,0.0
MOR-001,1740.0,0.0,0.0
MOR-001,1770.0,0.0,0.0
MOR-001,1800.0,0.0,0.0
MOR-001,1830.0,0.0,0.0
MOR-001,1860.0,0.0,0.0
MOR-001,1890.0,0.0,0.0
MOR-001,1920.0,0.0,0.0
MOR-001,1950.0,0.0,0.0
MOR-001,1980.0,0.0,0.0
MOR-001,2010.0,0.0,0.0
MOR-001,2040.0,0.0,0.0
MOR-001,2070.0,0.0,0.0
MOR-001,2100.0,0.0,0.0
MOR-001,2130.0,0.0,0.0
MOR-001,2160.0,0.0,0.0
MOR-001,2190.0,0.0,0.0
MOR-001,2220.0,0.0,0.0
MOR-001,2250.0,0.0,0.0
MOR-001,2280.0,0.0,0.0
MOR-001,2310.0,0.0,0.0
MOR-001,2340.0,0.0,0.0
MOR-001,2370.0,0.0,0.0
MOR-001,2400.0,0.0,0.0
MOR-001,2430.0,0.0,0.0
MOR-001,2460.0,0.0,0.0
MOR-001,2490.0,0.0,0.0
MOR-001,2520.0,0.0,0.0
MOR-001,2550.0,0.0,0.0
MOR-001,2580.0,0.0,0.0
MOR-001,2610.0,0.0,0.0
MOR-001,2640.0,0.0,0.0
MOR-001,2670.0,0.0,0.0
MOR-001,2700.0,0.0,0.0
MOR-001,2730.0,0.0,0.0
MOR-001,2760.0,0.0,0.0
MOR-001,2790.0,0.0,0.0
MOR-001,2820.0,0.0,0.0
MOR-001,2850.0,0.0,0.0
MOR-001,2880.0,0.0,0.0
MOR-001,2910.0,0.0,0.0
MOR-001,2940.0,0.0,0.0
MOR-001,2970.0,0.0,0.0
MOR-001,3000.0,0.0,0.0
MOR-001,3030.0,0.0,0.0
MOR-001,3060.0,0.0,0.0
MOR-001,3090.0,0.0,0.0
MOR-001,3120.0,0.0,0.0
MOR-001,3150.0,0.0,0.0
MOR-001,3180.0,0.0,0.0
MOR-001,3181.2,0.0,0.0
MOR-002,0.0,0.0,0.0
MOR-002,30.0,0.0,0.0
MOR-002,60.0,0.0,0.0
MOR-002,90.0,0.0,0.0
MOR-002,120.0,0.0,0.0
MOR-002,150.0,0.0,0.0
MOR-002,180.0,0.0,0.0
MOR-002,210.0,0.0,0.0
MOR-002,240.0,0.0,0.0
MOR-002,270.0,0.0,0.0
MOR-002,300.0,0.0,0.0
MOR-002,330.0,0.0,0.0
MOR-002,360.0,0.0,0.0
MOR-002,390.0,0.0,0.0
MOR-002,420.0,0.0,0.0
MOR-002,450.0,0.0,0.0
MOR-002,480.0,0.0,0.0
MOR-002,510.0,0.0,0.0
MOR-002,540.0,0.0,0.0
MOR-002,570.0,0.0,0.0
MOR-002,600.0,0.0,0.0
MOR-002,630.0,0.0,0.0
MOR-002,660.0,0.0,0.0
MOR-002,690.0,0.0,0.0
MOR-002,720.0,0.0,0.0
MOR-002,750.0,0.0,0.0
MOR-002,780.0,0.0,0.0
MOR-002,810.0,0.0,0.0
MOR-002,840.0,0.0,0.0
MOR-002,870.0,0.0,0.0
MOR-002,900.0,0.0,0.0
MOR-002,930.0,0.0,0.0
MOR-002,960.0,0.0,0.0
MOR-002,990.0,0.0,0.0
MOR-002,1020.0,0.0,0.0
MOR-002,1050.0,0.0,0.0
MOR-002,1080.0,0.0,0.0
MOR-002,1110.0,0.0,0.0
MOR-002,1140.0,0.0,0.0
MOR-002,1170.0,0.0,0.0
MOR-002,1200.0,0.0,0.0
MOR-002,1230.0,0.0,0.0
MOR-002,1260.0,0.0,0.0
MOR-002,1290.0,0.0,0.0
MOR-002,1320.0,0.0,0.0
MOR-002,1350.0,0.0,0.0
MOR-002,1380.0,0.0,0.0
MOR-002,1410.0,0.0,0.0
MOR-002,1440.0,0.0,0.0
MOR-002,1470.0,0.0,0.0
MOR-002,1500.0,0.0,0.0
MOR-002,1530.0,0.0,0.0
MOR-002,1560.0,0.0,0.0
MOR-002,1590.0,0.0,0.0
MOR-002,1620.0,0.0,0.0
MOR-002,1650.0,0.0,0.0
MOR-002,1680.0,0.0,0.0
MOR-002,1710.0,0.0,0.0
MOR-002,1740.0,0.0,0.0
MOR-002,1770.0,0.0,0.0
MOR-002,1800.0,0.0,0.0
MOR-002,1830.0,0.0,0.0
MOR-002,1860.0,0.0,0.0
MOR-002,1890.0,0.0,0.0
MOR-002,1920.0,0.0,0.0
MOR-002,1950.0,0.0,0.0
MOR-002,1980.0,0.0,0.0
MOR-002,2010.0,0.0,0.0
MOR-002,2040.0,0.0,0.0
MOR-002,2070.0,0.0,0.0
MOR-002,2100.0,0.0,0.0
MOR-002,2130.0,0.0,0.0
MOR-002,2160.0,0.0,0.0
MOR-002,2190.0,0.0,0.0
MOR-002,2220.0,0.0,0.0
MOR-002,2250.0,0.0,0.0
MOR-002,2280.0,0.0,0.0
MOR-002,2310.0,0.0,0.0
MOR-002,2340.0,0.0,0.0
MOR-002,2370.0,0.0,0.0
MOR-002,2400.0,0.0,0.0
MOR-002,2430.0,0.0,0.0
MOR-002,2460.0,0.0,0.0
MOR-002,2490.0,0.0,0.0
MOR-002,2520.0,0.0,0.0
MOR-002,2550.0,0.0,0.0
MOR-002,2580.0,0.0,0.0
MOR-002,2610.0,0.0,0.0
MOR-002,2640.0,0.0,0.0
MOR-002,2670.0,0.0,0.0
MOR-002,2700.0,0.0,0.0
MOR-002,2730.0,0.0,0.0
MOR-002,2760.0,0.0,0.0
MOR-002,2790.0,0.0,0.0
MOR-002,2820.0,0.0,0.0
MOR-002,2850.0,0.0,0.0
MOR-002,2880.0,0.0,0.0
MOR-002,2910.0,0.0,0.0
MOR-002,2917.1,0.0,0.0
MOR-003,0.0,0.0,0.0
MOR-003,30.0,0.0,0.0
MOR-003,60.0,0.0,0.0
MOR-003,90.0,0.0,0.0
MOR-003,120.0,0.0,0.0
MOR-003,150.0,0.0,0.0
MOR-003,180.0,0.0,0.0
MOR-003,210.0,0.0,0.0
MOR-003,240.0,0.0,0.0
MOR-003,270.0,0.0,0.0
MOR-003,300.0,0.0,0.0
MOR-003,330.0,0.0,0.0
MOR-003,360.0,0.0,0.0
MOR-003,390.0,0.0,0.0
MOR-003,420.0,0.0,0.0
MOR-003,450.0,0.0,0.0
MOR-003,480.0,0.0,0.0
MOR-003,510.0,0.0,0.0
MOR-003,540.0,0.0,0.0
MOR-003,570.0,0.0,0.0
MOR-003,600.0,0.0,0.0
MOR-003,630.0,0.0,0.0
MOR-003,660.0,0.0,0.0
MOR-003,690.0,0.0,0.0
MOR-003,720.0,0.0,0.0
MOR-003,750.0,0.0,0.0
MOR-003,780.0,0.0,0.0
MOR-003,810.0,0.0,0.0
MOR-003,840.0,0.0,0.0
MOR-003,870.0,0.0,0.0
MOR-003,900.0,0.0,0.0
MOR-003,930.0,0.0,0.0
MOR-003,960.0,0.0,0.0
MOR-003,990.0,0.0,0.0
MOR-003,1020.0,0.0,0.0
MOR-003,1050.0,0.0,0.0
MOR-003,1080.0,0.0,0.0
MOR-003,1110.0,0.0,0.0
MOR-003,1140.0,0.0,0.0
MOR-003,1170.0,0.0,0.0
MOR-003,1200.0,0.0,0.0
MOR-003,1230.0,0.0,0.0
MOR-003,1260.0,0.0,0.0
MOR-003,1290.0,0.0,0.0
MOR-003,1320.0,0.0,0.0
MOR-003,1350.0,0.0,0.0
MOR-003,1380.0,0.0,0.0
MOR-003,1410.0,0.0,0.0
MOR-003,1440.0,0.0,0.0
MOR-003,1470.0,0.0,0.0
MOR-003,1500.0,0.0,0.0
MOR-003,1530.0,0.0,0.0
MOR-003,1560.0,0.0,0.0
MOR-003,1590.0,0.0,0.0
MOR-003,1620.0,0.0,0.0
MOR-003,1650.0,0.0,0.0
MOR-003,1680.0,0.0,0.0
MOR-003,1710.0,0.0,0.0
MOR-003,1740.0,0.0,0.0
MOR-003,1770.0,0.0,0.0
MOR-003,1800.0,0.0,0.0
MOR-003,1830.0,0.0,0.0
MOR-003,1860.0,0.0,0.0
MOR-003,1890.0,0.0,0.0
MOR-003,1920.0,0.0,0.0
MOR-003,1950.0,0.0,0.0
MOR-003,1980.0,0.0,0.0
MOR-003,2010.0,0.0,0.0
MOR-003,2040.0,0.0,0.0
MOR-003,2070.0,0.0,0.0
MOR-003,2100.0,0.0,0.0
MOR-003,2130.0,0.0,0.0
MOR-003,2160.0,0.0,0.0
MOR-003,2190.0,0.0,0.0
MOR-003,2220.0,0.0,0.0
MOR-003,2250.0,0.0,0.0
MOR-003,2280.0,0.0,0.0
MOR-003,2310.0,0.0,0.0
MOR-003,2340.0,0.0,0.0
MOR-003,2370.0,0.0,0.0
MOR-003,2400.0,0.0,0.0
MOR-003,2430.0,0.0,0.0
MOR-003,2460.0,0.0,0.0
MOR-003,2490.0,0.0,0.0
MOR-003,2520.0,0.0,0.0
MOR-003,2550.0,0.0,0.0
MOR-003,2580.0,0.0,0.0
MOR-003,2610.0,0.0,0.0
MOR-003,2640.0,0.0,0.0
MOR-003,2670.0,0.0,0.0
MOR-003,2700.0,0.0,0.0
MOR-003,2730.0,0.0,0.0
MOR-003,2760.0,0.0,0.0
MOR-003,2790.0,0.0,0.0
MOR-003,2820.0,0.0,0.0
MOR-003,2850.0,0.0,0.0
MOR-003,2880.0,0.0,0.0
MOR-003,2910.0,0.0,0.0
MOR-003,2940.0,0.0,0.0
MOR-003,2969.0,0.0,0.0
MOR-004,0.0,0.0,0.0
MOR-004,30.0,0.0,0.0
MOR-004,60.0,0.0,0.0
MOR-004,90.0,0.0,0.0
MOR-004,120.0,0.0,0.0
MOR-004,150.0,0.0,0.0
MOR-004,180.0,0.0,0.0
MOR-004,210.0,0.0,0.0
MOR-004,240.0,0.0,0.0
MOR-004,270.0,0.0,0.0
MOR-004,300.0,0.0,0.0
MOR-004,330.0,0.0,0.0
MOR-004,360.0,0.0,0.0
MOR-004,390.0,0.0,0.0
MOR-004,420.0,0.0,0.0
MOR-004,450.0,0.0,0.0
MOR-004,480.0,0.0,0.0
MOR-004,510.0,0.0,0.0
MOR-004,540.0,0.0,0.0
MOR-004,570.0,0.0,0.0
MOR-004,600.0,0.0,0.0
MOR-004,630.0,0.0,0.0
MOR-004,660.0,0.0,0.0
MOR-004,690.0,0.0,0.0
MOR-004,720.0,0.0,0.0
MOR-004,750.0,0.0,0.0
MOR-004,780.0,0.0,0.0
MOR-004,810.0,0.0,0.0
MOR-004,840.0,0.0,0.0
MOR-004,870.0,0.0,0.0
MOR-004,900.0,0.0,0.0
MOR-004,930.0,0.0,0.0
MOR-004,960.0,0.0,0.0
MOR-004,990.0,0.0,0.0
MOR-004,1020.0,0.0,0.0
MOR-004,1050.0,0.0,0.0
MOR-004,1080.0,0.0,0.0
MOR-004,1110.0,0.0,0.0
MOR-004,1140.0,0.0,0.0
MOR-004,1170.0,0.0,0.0
MOR-004,1200.0,0.0,0.0
MOR-004,1230.0,0.0,0.0
MOR-004,1260.0,0.0,0.0
MOR-004,1290.0,0.0,0.0
MOR-004,1320.0,0.0,0.0
MOR-004,1350.0,0.0,0.0
MOR-004,1380.0,0.0,0.0
MOR-004,1410.0,0.0,0.0
MOR-004,1440.0,0.0,0.0
MOR-004,1470.0,0.0,0.0
MOR-004,1500.0,0.0,0.0
MOR-004,1530.0,0.0,0.0
MOR-004,1560.0,0.0,0.0
MOR-004,1590.0,0.0,0.0
MOR-004,1620.0,0.0,0.0
MOR-004,1650.0,0.0,0.0
MOR-004,1680.0,0.0,0.0
MOR-004,1710.0,0.0,0.0
MOR-004,1740.0,0.0,0.0
MOR-004,1770.0,0.0,0.0
MOR-004,1800.0,0.0,0.0
MOR-004,1830.0,0.0,0.0
MOR-004,1860.0,0.0,0.0
MOR-004,1890.0,0.0,0.0
MOR-004,1920.0,0.0,0.0
MOR-004,1950.0,0.0,0.0
MOR-004,1980.0,0.0,0.0
MOR-004,2010.0,0.0,0.0
MOR-004,2040.0,0.0,0.0
MOR-004,2070.0,0.0,0.0
MOR-004,2100.0,0.0,0.0
MOR-004,2130.0,0.0,0.0
MOR-004,2160.0,0.0,0.0
MOR-004,2190.0,0.0,0.0
MOR-004,2220.0,0.0,0.0
MOR-004,2250.0,0.0,0.0
MOR-004,2280.0,0.0,0.0
MOR-004,2310.0,0.0,0.0
MOR-004,2340.0,0.0,0.0
MOR-004,2370.0,0.0,0.0
MOR-004,2400.0,0.0,0.0
MOR-004,2430.0,0.0,0.0
MOR-004,2460.0,0.0,0.0
MOR-004,2490.0,0.0,0.0
MOR-004,2520.0,0.0,0.0
MOR-004,2550.0,0.0,0.0
MOR-004,2580.0,0.0,0.0
MOR-004,2610.0,0.0,0.0
MOR-004,2640.0,0.0,0.0
MOR-004,2670.0,0.0,0.0
MOR-004,2700.0,0.0,0.0
MOR-004,2730.0,0.0,0.0
MOR-004,2760.0,0.0,0.0
MOR-004,2790.0,0.0,0.0
MOR-004,2820.0,0.0,0.0
MOR-004,2850.0,0.0,0.0
MOR-004,2880.0,0.0,0.0
MOR-004,2910.0,0.0,0.0
MOR-004,2940.0,0.0,0.0
MOR-004,2970.0,0.0,0.0
MOR-004,3000.0,0.0,0.0
MOR-004,3030.0,0.0,0.0
MOR-004,3060.0,0.0,0.0
MOR-004,3090.0,0.0,0.0
MOR-004,3090.4,0.0,0.0
MOR-005,0.0,0.0,0.0
MOR-005,30.0,0.0,0.0
MOR-005,60.0,0.0,0.0
MOR-005,90.0,0.0,0.0
MOR-005,120.0,0.0,0.0
MOR-005,150.0,0.0,0.0
MOR-005,180.0,0.0,0.0
MOR-005,210.0,0.0,0.0
MOR-005,240.0,0.0,0.0
MOR-005,270.0,0.0,0.0
MOR-005,300.0,0.0,0.0
MOR-005,330.0,0.0,0.0
MOR-005,360.0,0.0,0.0
MOR-005,390.0,0.0,0.0
MOR-005,420.0,0.0,0.0
MOR-005,450.0,0.0,0.0
MOR-005,480.0,0.0,0.0
MOR-005,510.0,0.0,0.0
MOR-005,540.0,0.0,0.0
MOR-005,570.0,0.0,0.0
MOR-005,600.0,0.0,0.0
MOR-005,630.0,0.0,0.0
MOR-005,660.0,0.0,0.0
MOR-005,690.0,0.0,0.0
MOR-005,720.0,0.0,0.0
MOR-005,750.0,0.0,0.0
MOR-005,780.0,0.0,0.0
MOR-005,810.0,0.0,0.0
MOR-005,840.0,0.0,0.0
MOR-005,870.0,0.0,0.0
MOR-005,900.0,0.0,0.0
MOR-005,930.0,0.0,0.0
MOR-005,960.0,0.0,0.0
MOR-005,990.0,0.0,0.0
MOR-005,1020.0,0.0,0.0
MOR-005,1050.0,0.0,0.0
MOR-005,1080.0,0.0,0.0
MOR-005,1110.0,0.0,0.0
MOR-005,1140.0,0.0,0.0
MOR-005,1170.0,0.0,0.0
MOR-005,1200.0,0.0,0.0
MOR-005,1230.0,0.0,0.0
MOR-005,1260.0,0.0,0.0
MOR-005,1290.0,0.0,0.0
MOR-005,1320.0,0.0,0.0
MOR-005,1350.0,0.0,0.0
MOR-005,1380.0,0.0,0.0
MOR-005,1410.0,0.0,0.0
MOR-005,1440.0,0.0,0.0
MOR-005,1470.0,0.0,0.0
MOR-005,1500.0,0.0,0.0
MOR-005,1530.0,0.0,0.0
MOR-005,1560.0,0.0,0.0
MOR-005,1590.0,0.0,0.0
MOR-005,1620.0,0.0,0.0
MOR-005,1650.0,0.0,0.0
MOR-005,1680.0,0.0,0.0
MOR-005,1710.0,0.0,0.0
MOR-005,1740.0,0.0,0.0
MOR-005,1770.0,0.0,0.0
MOR-005,1800.0,0.0,0.0
MOR-005,1830.0,0.0,0.0
MOR-005,1860.0,0.0,0.0
MOR-005,1890.0,0.0,0.0
MOR-005,1920.0,0.0,0.0
MOR-005,1950.0,0.0,0.0
MOR-005,1980.0,0.0,0.0
MOR-005,2010.0,0.0,0.0
MOR-005,2040.0,0.0,0.0
MOR-005,2070.0,0.0,0.0
MOR-005,2100.0,0.0,0.0
MOR-005,2130.0,0.0,0.0
MOR-005,2160.0,0.0,0.0
MOR-005,2190.0,0.0,0.0
MOR-005,2220.0,0.0,0.0
MOR-005,2250.0,0.0,0.0
MOR-005,2280.0,0.0,0.0
MOR-005,2310.0,0.0,0.0
MOR-005,2340.0,0.0,0.0
MOR-005,2370.0,0.0,0.0
MOR-005,2400.0,0.0,0.0
MOR-005,2430.0,0.0,0.0
MOR-005,2460.0,0.0,0.0
MOR-005,2490.0,0.0,0.0
MOR-005,2520.0,0.0,0.0
MOR-005,2550.0,0.0,0.0
MOR-005,2580.0,0.0,0.0
MOR-005,2610.0,0.0,0.0
MOR-005,2640.0,0.0,0.0
MOR-005,2670.0,0.0,0.0
MOR-005,2700.0,0.0,0.0
MOR-005,2730.0,0.0,0.0
MOR-005,2760.0,0.0,0.0
MOR-005,2790.0,0.0,0.0
MOR-005,2820.0,0.0,0.0
MOR-005,2850.0,0.0,0.0
MOR-005,2880.0,0.0,0.0
MOR-005,2910.0,0.0,0.0
MOR-005,2940.0,0.0,0.0
MOR-005,2970.0,0.0,0.0
MOR-005,3000.0,0.0,0.0
MOR-005,3030.0,0.0,0.0
MOR-005,3060.0,0.0,0.0
MOR-005,3067.8,0.0,0.0
MOR-006,0.0,0.0,0.0
MOR-006,30.0,0.0,0.0
MOR-006,60.0,0.0,0.0
MOR-006,90.0,0.0,0.0
MOR-006,120.0,0.0,0.0
MOR-006,150.0,0.0,0.0
MOR-006,180.0,0.0,0.0
MOR-006,210.0,0.0,0.0
MOR-006,240.0,0.0,0.0
MOR-006,270.0,0.0,0.0
MOR-006,300.0,0.0,0.0
MOR-006,330.0,0.0,0.0
MOR-006,360.0,0.0,0.0
MOR-006,390.0,0.0,0.0
MOR-006,420.0,0.0,0.0
MOR-006,450.0,0.0,0.0
MOR-006,480.0,0.0,0.0
MOR-006,510.0,0.0,0.0
MOR-006,540.0,0.0,0.0
MOR-006,570.0,0.0,0.0
MOR-006,600.0,0.0,0.0
MOR-006,630.0,0.0,0.0
MOR-006,660.0,1.3,117.9
MOR-006,690.0,3.15,117.9
MOR-006,720.0,5.0,117.9
MOR-006,750.0,6.84,117.9
MOR-006,780.0,8.69,117.9
MOR-006,810.0,10.54,117.9
MOR-006,840.0,12.39,117.9
MOR-006,870.0,14.24,117.9
MOR-006,900.0,16.09,117.9
MOR-006,930.0,17.94,117.9
MOR-006,960.0,19.79,117.9
MOR-006,990.0,21.64,117.9
MOR-006,1020.0,23.34,117.9
MOR-006,1050.0,23.34,117.9
MOR-006,1080.0,23.34,117.9
MOR-006,1110.0,23.34,117.9
MOR-006,1140.0,23.34,117.9
MOR-006,1170.0,23.34,117.9
MOR-006,1200.0,23.34,117.9
MOR-006,1230.0,23.34,117.9
MOR-006,1260.0,23.34,117.9
MOR-006,1290.0,23.34,117.9
MOR-006,1320.0,23.34,117.9
MOR-006,1350.0,23.34,117.9
MOR-006,1380.0,23.34,117.9
MOR-006,1410.0,23.34,117.9
MOR-006,1440.0,23.34,117.9
MOR-006,1470.0,23.34,117.9
MOR-006,1500.0,23.34,117.9
MOR-006,1530.0,23.34,117.9
MOR-006,1560.0,22.28,117.9
MOR-006,1590.0,20.83,117.9
MOR-006,1620.0,19.38,117.9
MOR-006,1650.0,17.94,117.9
MOR-006,1680.0,16.49,117.9
MOR-006,1710.0,15.04,117.9
MOR-006,1740.0,13.59,117.9
MOR-006,1770.0,12.14,117.9
MOR-006,1800.0,10.69,117.9
MOR-006,1830.0,9.24,117.9
MOR-006,1860.0,7.79,117.9
MOR-006,1890.0,6.34,117.9
MOR-006,1920.0,4.9,117.9
MOR-006,1950.0,3.45,117.9
MOR-006,1980.0,2.0,117.9
MOR-006,2010.0,1.52,117.9
MOR-006,2040.0,1.52,117.9
MOR-006,2070.0,1.52,117.9
MOR-006,2100.0,1.52,117.9
MOR-006,2130.0,1.52,117.9
MOR-006,2160.0,1.52,117.9
MOR-006,2190.0,1.52,117.9
MOR-006,2220.0,1.52,117.9
MOR-006,2250.0,1.52,117.9
MOR-006,2280.0,1.52,117.9
MOR-006,2310.0,1.52,117.9
MOR-006,2340.0,1.52,117.9
MOR-006,2370.0,1.52,117.9
MOR-006,2400.0,1.52,117.9
MOR-006,2430.0,1.52,117.9
MOR-006,2460.0,1.52,117.9
MOR-006,2490.0,1.52,117.9
MOR-006,2520.0,1.52,117.9
MOR-006,2550.0,1.52,117.9
MOR-006,2580.0,1.52,117.9
MOR-006,2610.0,1.52,117.9
MOR-006,2640.0,1.52,117.9
MOR-006,2670.0,1.52,117.9
MOR-006,2700.0,1.52,117.9
MOR-006,2730.0,1.52,117.9
MOR-006,2760.0,1.52,117.9
MOR-006,2790.0,1.52,117.9
MOR-006,2820.0,1.52,117.9
MOR-006,2850.0,1.52,117.9
MOR-006,2880.0,1.52,117.9
MOR-006,2910.0,1.52,117.9
MOR-006,2940.0,1.52,117.9
MOR-006,2970.0,1.52,117.9
MOR-006,3000.0,1.52,117.9
MOR-006,3030.0,1.52,117.9
MOR-006,3060.0,1.52,117.9
MOR-006,3090.0,1.52,117.9
MOR-006,3120.0,1.52,117.9
MOR-006,3150.0,1.52,117.9
MOR-006,3159.5,1.52,117.9
MOR-007,0.0,0.0,0.0
MOR-007,30.0,0.0,0.0
MOR-007,60.0,0.0,0.0
MOR-007,90.0,0.0,0.0
MOR-007,120.0,0.0,0.0
MOR-007,150.0,0.0,0.0
MOR-007,180.0,0.0,0.0
MOR-007,210.0,0.0,0.0
MOR-007,240.0,0.0,0.0
MOR-007,270.0,0.0,0.0
MOR-007,300.0,0.0,0.0
MOR-007,330.0,0.0,0.0
MOR-007,360.0,0.0,0.0
MOR-007,390.0,0.0,0.0
MOR-007,420.0,0.0,0.0
MOR-007,450.0,0.0,0.0
MOR-007,480.0,0.0,0.0
MOR-007,510.0,0.0,0.0
MOR-007,540.0,0.0,0.0
MOR-007,570.0,0.0,0.0
MOR-007,600.0,0.0,0.0
MOR-007,630.0,0.0,0.0
MOR-007,660.0,0.0,0.0
MOR-007,690.0,0.0,0.0
MOR-007,720.0,0.0,0.0
MOR-007,750.0,0.15,261.26
MOR-007,780.0,1.85,261.26
MOR-007,810.0,3.54,261.26
MOR-007,840.0,5.24,261.26
MOR-007,870.0,6.94,261.26
MOR-007,900.0,8.64,261.26
MOR-007,930.0,10.34,261.26
MOR-007,960.0,12.03,261.26
MOR-007,990.0,13.73,261.26
MOR-007,1020.0,15.43,261.26
MOR-007,1050.0,17.13,261.26
MOR-007,1080.0,18.83,261.26
MOR-007,1110.0,20.53,261.26
MOR-007,1140.0,22.22,261.26
MOR-007,1170.0,23.92,261.26
MOR-007,1200.0,25.62,261.26
MOR-007,1230.0,27.32,261.26
MOR-007,1260.0,29.02,261.26
MOR-007,1290.0,30.71,261.26
MOR-007,1320.0,32.21,261.26
MOR-007,1350.0,32.21,261.26
MOR-007,1380.0,32.21,261.26
MOR-007,1410.0,32.21,261.26
MOR-007,1440.0,32.21,261.26
MOR-007,1470.0,32.21,261.26
MOR-007,1500.0,32.21,261.26
MOR-007,1530.0,32.21,261.26
MOR-007,1560.0,32.21,261.26
MOR-007,1590.0,32.21,261.26
MOR-007,1620.0,32.21,261.26
MOR-007,1650.0,32.21,261.26
MOR-007,1680.0,32.21,261.26
MOR-007,1710.0,32.21,261.26
MOR-007,1740.0,32.21,261.26
MOR-007,1770.0,32.21,261.26
MOR-007,1800.0,32.21,261.26
MOR-007,1830.0,32.21,261.26
MOR-007,1860.0,32.21,261.26
MOR-007,1890.0,32.21,261.26
MOR-007,1920.0,32.21,261.26
MOR-007,1950.0,32.21,261.26
MOR-007,1980.0,32.21,261.26
MOR-007,2010.0,31.28,261.26
MOR-007,2040.0,30.15,261.26
MOR-007,2070.0,29.02,261.26
MOR-007,2100.0,27.89,261.26
MOR-007,2130.0,26.75,261.26
MOR-007,2160.0,25.62,261.26
MOR-007,2190.0,24.49,261.26
MOR-007,2220.0,23.36,261.26
MOR-007,2250.0,22.23,261.26
MOR-007,2280.0,21.1,261.26
MOR-007,2310.0,19.97,261.26
MOR-007,2340.0,18.84,261.26
MOR-007,2370.0,17.71,261.26
MOR-007,2400.0,16.58,261.26
MOR-007,2430.0,15.45,261.26
MOR-007,2460.0,14.32,261.26
MOR-007,2490.0,13.19,261.26
MOR-007,2520.0,12.06,261.26
MOR-007,2550.0,10.93,261.26
MOR-007,2580.0,9.79,261.26
MOR-007,2610.0,8.66,261.26
MOR-007,2640.0,7.53,261.26
MOR-007,2670.0,6.4,261.26
MOR-007,2700.0,5.27,261.26
MOR-007,2730.0,4.14,261.26
MOR-007,2760.0,3.01,261.26
MOR-007,2790.0,1.88,261.26
MOR-007,2820.0,0.75,261.26
MOR-007,2850.0,0.34,261.26
MOR-007,2880.0,0.34,261.26
MOR-007,2910.0,0.34,261.26
MOR-007,2940.0,0.34,261.26
MOR-007,2970.0,0.34,261.26
MOR-007,3000.0,0.34,261.26
MOR-007,3030.0,0.34,261.26
MOR-007,3060.0,0.34,261.26
MOR-007,3090.0,0.34,261.26
MOR-007,3120.0,0.34,261.26
MOR-007,3150.0,0.34,261.26
MOR-007,3180.0,0.34,261.26
MOR-007,3210.0,0.34,261.26
MOR-007,3240.0,0.34,261.26
MOR-007,3270.0,0.34,261.26
MOR-007,3300.0,0.34,261.26
MOR-007,3330.0,0.34,261.26
MOR-007,3360.0,0.34,261.26
MOR-007,3390.0,0.34,261.26
MOR-007,3420.0,0.34,261.26
MOR-007,3450.0,0.34,261.26
MOR-007,3480.0,0.34,261.26
MOR-007,3485.4,0.34,261.26
MOR-008,0.0,0.0,0.0
MOR-008,30.0,0.0,0.0
MOR-008,60.0,0.0,0.0
MOR-008,90.0,0.0,0.0
MOR-008,120.0,0.0,0.0
MOR-008,150.0,0.0,0.0
MOR-008,180.0,0.0,0.0
MOR-008,210.0,0.0,0.0
MOR-008,240.0,0.0,0.0
MOR-008,270.0,0.0,0.0
MOR-008,300.0,0.0,0.0
MOR-008,330.0,0.0,0.0
MOR-008,360.0,0.0,0.0
MOR-008,390.0,0.0,0.0
MOR-008,420.0,0.0,0.0
MOR-008,450.0,0.0,0.0
MOR-008,480.0,0.0,0.0
MOR-008,510.0,0.0,0.0
MOR-008,540.0,0.0,0.0
MOR-008,570.0,0.0,0.0
MOR-008,600.0,0.0,0.0
MOR-008,630.0,0.0,0.0
MOR-008,660.0,0.0,0.0
MOR-008,690.0,0.0,0.0
MOR-008,720.0,0.0,0.0
MOR-008,750.0,0.0,0.0
MOR-008,780.0,0.0,0.0
MOR-008,810.0,0.0,0.0
MOR-008,840.0,0.0,0.0
MOR-008,870.0,0.0,0.0
MOR-008,900.0,0.0,0.0
MOR-008,930.0,0.0,0.0
MOR-008,960.0,0.0,0.0
MOR-008,990.0,0.0,0.0
MOR-008,1020.0,0.0,0.0
MOR-008,1050.0,0.0,0.0
MOR-008,1080.0,0.0,0.0
MOR-008,1110.0,0.0,0.0
MOR-008,1140.0,0.0,0.0
MOR-008,1170.0,0.0,0.0
MOR-008,1200.0,0.0,0.0
MOR-008,1230.0,0.0,0.0
MOR-008,1260.0,0.0,0.0
MOR-008,1290.0,0.0,0.0
MOR-008,1320.0,0.0,0.0
MOR-008,1350.0,0.0,0.0
MOR-008,1380.0,0.0,0.0
MOR-008,1410.0,0.0,0.0
MOR-008,1440.0,0.0,0.0
MOR-008,1470.0,0.0,0.0
MOR-008,1500.0,0.0,0.0
MOR-008,1530.0,0.0,0.0
MOR-008,1560.0,0.0,0.0
MOR-008,1590.0,0.0,0.0
MOR-008,1620.0,0.0,0.0
MOR-008,1650.0,0.0,0.0
MOR-008,1680.0,0.0,0.0
MOR-008,1710.0,0.0,0.0
MOR-008,1740.0,0.0,0.0
MOR-008,1770.0,0.0,0.0
MOR-008,1800.0,0.0,0.0
MOR-008,1830.0,0.0,0.0
MOR-008,1860.0,0.0,0.0
MOR-008,1890.0,0.0,0.0
MOR-008,1920.0,0.0,0.0
MOR-008,1950.0,0.0,0.0
MOR-008,1980.0,0.0,0.0
MOR-008,2010.0,0.0,0.0
MOR-008,2040.0,0.0,0.0
MOR-008,2070.0,0.0,0.0
MOR-008,2100.0,0.0,0.0
MOR-008,2130.0,0.0,0.0
MOR-008,2160.0,0.0,0.0
MOR-008,2190.0,0.0,0.0
MOR-008,2220.0,0.0,0.0
MOR-008,2250.0,0.0,0.0
MOR-008,2280.0,0.0,0.0
MOR-008,2310.0,0.0,0.0
MOR-008,2340.0,0.0,0.0
MOR-008,2370.0,0.0,0.0
MOR-008,2400.0,0.0,0.0
MOR-008,2430.0,0.0,0.0
MOR-008,2460.0,0.0,0.0
MOR-008,2490.0,0.0,0.0
MOR-008,2520.0,0.0,0.0
MOR-008,2550.0,0.0,0.0
MOR-008,2580.0,0.0,0.0
MOR-008,2610.0,0.0,0.0
MOR-008,2640.0,0.0,0.0
MOR-008,2670.0,0.0,0.0
MOR-008,2700.0,0.0,0.0
MOR-008,2730.0,0.0,0.0
MOR-008,2760.0,0.0,0.0
MOR-008,2790.0,0.0,0.0
MOR-008,2820.0,0.0,0.0
MOR-008,2850.0,0.0,0.0
MOR-008,2880.0,0.0,0.0
MOR-008,2910.0,0.0,0.0
MOR-008,2940.0,0.0,0.0
MOR-008,2970.0,0.0,0.0
MOR-008,3000.0,0.0,0.0
MOR-008,3030.0,0.0,0.0
MOR-008,3060.0,0.0,0.0
MOR-008,3090.0,0.0,0.0
MOR-008,3120.0,0.0,0.0
MOR-008,3150.0,0.0,0.0
MOR-008,3180.0,0.0,0.0
MOR-008,3209.2,0.0,0.0
MOR-009,0.0,0.0,0.0
MOR-009,30.0,0.0,0.0
MOR-009,60.0,0.0,0.0
MOR-009,90.0,0.0,0.0
MOR-009,120.0,0.0,0.0
MOR-009,150.0,0.0,0.0
MOR-009,180.0,0.0,0.0
MOR-009,210.0,0.0,0.0
MOR-009,240.0,0.0,0.0
MOR-009,270.0,0.0,0.0
MOR-009,300.0,0.0,0.0
MOR-009,330.0,0.0,0.0
MOR-009,360.0,0.0,0.0
MOR-009,390.0,0.0,0.0
MOR-009,420.0,0.0,0.0
MOR-009,450.0,0.0,0.0
MOR-009,480.0,0.0,0.0
MOR-009,510.0,0.0,0.0
MOR-009,540.0,0.0,0.0
MOR-009,570.0,0.0,0.0
MOR-009,600.0,0.0,0.0
MOR-009,630.0,0.0,0.0
MOR-009,660.0,0.0,0.0
MOR-009,690.0,0.0,0.0
MOR-009,720.0,0.0,0.0
MOR-009,750.0,0.0,0.0
MOR-009,780.0,0.0,0.0
MOR-009,810.0,0.0,0.0
MOR-009,840.0,0.0,0.0
MOR-009,870.0,0.0,0.0
MOR-009,900.0,0.0,0.0
MOR-009,930.0,0.0,0.0
MOR-009,960.0,0.0,0.0
MOR-009,990.0,0.0,0.0
MOR-009,1020.0,0.0,0.0
MOR-009,1050.0,0.0,0.0
MOR-009,1080.0,0.0,0.0
MOR-009,1110.0,0.0,0.0
MOR-009,1140.0,0.0,0.0
MOR-009,1170.0,0.0,0.0
MOR-009,1200.0,0.0,0.0
MOR-009,1230.0,0.0,0.0
MOR-009,1260.0,0.0,0.0
MOR-009,1290.0,0.0,0.0
MOR-009,1320.0,0.0,0.0
MOR-009,1350.0,0.0,0.0
MOR-009,1380.0,0.0,0.0
MOR-009,1410.0,0.0,0.0
MOR-009,1440.0,0.0,0.0
MOR-009,1470.0,0.0,0.0
MOR-009,1500.0,0.0,0.0
MOR-009,1530.0,0.0,0.0
MOR-009,1560.0,0.0,0.0
MOR-009,1590.0,0.0,0.0
MOR-009,1620.0,0.0,0.0
MOR-009,1650.0,0.0,0.0
MOR-009,1680.0,0.0,0.0
MOR-009,1710.0,0.0,0.0
MOR-009,1740.0,0.0,0.0
MOR-009,1770.0,0.0,0.0
MOR-009,1800.0,0.0,0.0
MOR-009,1830.0,0.0,0.0
MOR-009,1860.0,0.0,0.0
MOR-009,1890.0,0.0,0.0
MOR-009,1920.0,0.0,0.0
MOR-009,1950.0,0.0,0.0
MOR-009,1980.0,0.0,0.0
MOR-009,2010.0,0.0,0.0
MOR-009,2040.0,0.0,0.0
MOR-009,2070.0,0.0,0.0
MOR-009,2100.0,0.0,0.0
MOR-009,2130.0,0.0,0.0
MOR-009,2160.0,0.0,0.0
MOR-009,2190.0,0.0,0.0
MOR-009,2220.0,0.0,0.0
MOR-009,2250.0,0.0,0.0
MOR-009,2280.0,0.0,0.0
MOR-009,2310.0,0.0,0.0
MOR-009,2340.0,0.0,0.0
MOR-009,2370.0,0.0,0.0
MOR-009,2400.0,0.0,0.0
MOR-009,2430.0,0.0,0.0
MOR-009,2460.0,0.0,0.0
MOR-009,2490.0,0.0,0.0
MOR-009,2520.0,0.0,0.0
MOR-009,2550.0,0.0,0.0
MOR-009,2580.0,0.0,0.0
MOR-009,2610.0,0.0,0.0
MOR-009,2640.0,0.0,0.0
MOR-009,2670.0,0.0,0.0
MOR-009,2700.0,0.0,0.0
MOR-009,2730.0,0.0,0.0
MOR-009,2760.0,0.0,0.0
MOR-009,2790.0,0.0,0.0
MOR-009,2820.0,0.0,0.0
MOR-009,2850.0,0.0,0.0
MOR-009,2880.0,0.0,0.0
MOR-009,2904.0,0.0,0.0
MOR-010,0.0,0.0,0.0
MOR-010,30.0,0.0,0.0
MOR-010,60.0,0.0,0.0
MOR-010,90.0,0.0,0.0
MOR-010,120.0,0.0,0.0
MOR-010,150.0,0.0,0.0
MOR-010,180.0,0.0,0.0
MOR-010,210.0,0.0,0.0
MOR-010,240.0,0.0,0.0
MOR-010,270.0,0.0,0.0
MOR-010,300.0,0.0,0.0
MOR-010,330.0,0.0,0.0
MOR-010,360.0,0.0,0.0
MOR-010,390.0,0.0,0.0
MOR-010,420.0,0.0,0.0
MOR-010,450.0,0.0,0.0
MOR-010,480.0,0.0,0.0
MOR-010,510.0,0.0,0.0
MOR-010,540.0,0.0,0.0
MOR-010,570.0,0.0,0.0
MOR-010,600.0,0.0,0.0
MOR-010,630.0,0.0,0.0
MOR-010,660.0,0.0,0.0
MOR-010,690.0,0.0,0.0
MOR-010,720.0,0.0,0.0
MOR-010,750.0,0.0,0.0
MOR-010,780.0,0.0,0.0
MOR-010,810.0,0.0,0.0
MOR-010,840.0,0.0,0.0
MOR-010,870.0,0.0,0.0
MOR-010,900.0,0.0,0.0
MOR-010,930.0,0.0,0.0
MOR-010,960.0,0.0,0.0
MOR-010,990.0,0.0,0.0
MOR-010,1020.0,0.0,0.0
MOR-010,1050.0,0.0,0.0
MOR-010,1080.0,0.0,0.0
MOR-010,1110.0,0.0,0.0
MOR-010,1140.0,0.0,0.0
MOR-010,1170.0,0.0,0.0
MOR-010,1200.0,0.0,0.0
MOR-010,1230.0,0.0,0.0
MOR-010,1260.0,0.0,0.0
MOR-010,1290.0,0.0,0.0
MOR-010,1320.0,0.0,0.0
MOR-010,1350.0,0.0,0.0
MOR-010,1380.0,0.0,0.0
MOR-010,1410.0,0.0,0.0
MOR-010,1440.0,0.0,0.0
MOR-010,1470.0,0.0,0.0
MOR-010,1500.0,0.0,0.0
MOR-010,1530.0,0.0,0.0
MOR-010,1560.0,0.0,0.0
MOR-010,1590.0,0.0,0.0
MOR-010,1620.0,0.0,0.0
MOR-010,1650.0,0.0,0.0
MOR-010,1680.0,0.0,0.0
MOR-010,1710.0,0.0,0.0
MOR-010,1740.0,0.0,0.0
MOR-010,1770.0,0.0,0.0
MOR-010,1800.0,0.0,0.0
MOR-010,1830.0,0.0,0.0
MOR-010,1860.0,0.0,0.0
MOR-010,1890.0,0.0,0.0
MOR-010,1920.0,0.0,0.0
MOR-010,1950.0,0.0,0.0
MOR-010,1980.0,0.0,0.0
MOR-010,2010.0,0.0,0.0
MOR-010,2040.0,0.0,0.0
MOR-010,2070.0,0.0,0.0
MOR-010,2100.0,0.0,0.0
MOR-010,2130.0,0.0,0.0
MOR-010,2160.0,0.0,0.0
MOR-010,2190.0,0.0,0.0
MOR-010,2220.0,0.0,0.0
MOR-010,2250.0,0.0,0.0
MOR-010,2280.0,0.0,0.0
MOR-010,2310.0,0.0,0.0
MOR-010,2340.0,0.0,0.0
MOR-010,2370.0,0.0,0.0
MOR-010,2400.0,0.0,0.0
MOR-010,2430.0,0.0,0.0
MOR-010,2460.0,0.0,0.0
MOR-010,2490.0,0.0,0.0
MOR-010,2520.0,0.0,0.0
MOR-010,2550.0,0.0,0.0
MOR-010,2580.0,0.0,0.0
MOR-010,2610.0,0.0,0.0
MOR-010,2640.0,0.0,0.0
MOR-010,2670.0,0.0,0.0
MOR-010,2700.0,0.0,0.0
MOR-010,2730.0,0.0,0.0
MOR-010,2760.0,0.0,0.0
MOR-010,2790.0,0.0,0.0
MOR-010,2820.0,0.0,0.0
MOR-010,2850.0,0.0,0.0
MOR-010,2880.0,0.0,0.0
MOR-010,2910.0,0.0,0.0
MOR-010,2940.0,0.0,0.0
MOR-010,2970.0,0.0,0.0
MOR-010,3000.0,0.0,0.0
MOR-010,3030.0,0.0,0.0
MOR-010,3049.7,0.0,0.0
NKT-001,0.0,0.0,0.0
NKT-001,30.0,0.0,0.0
NKT-001,60.0,0.0,0.0
NKT-001,90.0,0.0,0.0
NKT-001,120.0,0.0,0.0
NKT-001,150.0,0.0,0.0
NKT-001,180.0,0.0,0.0
NKT-001,210.0,0.0,0.0
NKT-001,240.0,0.0,0.0
NKT-001,270.0,0.0,0.0
NKT-001,300.0,0.0,0.0
NKT-001,330.0,0.0,0.0
NKT-001,360.0,0.0,0.0
NKT-001,390.0,0.0,0.0
NKT-001,420.0,0.0,0.0
NKT-001,450.0,0.0,0.0
NKT-001,480.0,0.0,0.0
NKT-001,510.0,0.0,0.0
NKT-001,540.0,0.0,0.0
NKT-001,570.0,0.0,0.0
NKT-001,600.0,0.0,0.0
NKT-001,630.0,0.0,0.0
NKT-001,660.0,0.0,0.0
NKT-001,690.0,0.0,0.0
NKT-001,720.0,0.0,0.0
NKT-001,750.0,0.0,0.0
NKT-001,780.0,0.0,0.0
NKT-001,810.0,0.0,0.0
NKT-001,840.0,0.0,0.0
NKT-001,870.0,0.0,0.0
NKT-001,900.0,0.0,0.0
NKT-001,930.0,0.0,0.0
NKT-001,960.0,0.0,0.0
NKT-001,990.0,0.0,0.0
NKT-001,1020.0,0.0,0.0
NKT-001,1050.0,0.0,0.0
NKT-001,1080.0,0.0,0.0
NKT-001,1110.0,0.0,0.0
NKT-001,1140.0,0.0,0.0
NKT-001,1170.0,0.0,0.0
NKT-001,1200.0,0.0,0.0
NKT-001,1230.0,0.0,0.0
NKT-001,1260.0,0.0,0.0
NKT-001,1290.0,0.0,0.0
NKT-001,1320.0,0.0,0.0
NKT-001,1350.0,0.0,0.0
NKT-001,1380.0,0.0,0.0
NKT-001,1410.0,0.0,0.0
NKT-001,1440.0,0.0,0.0
NKT-001,1470.0,0.0,0.0
NKT-001,1500.0,0.0,0.0
NKT-001,1530.0,0.0,0.0
NKT-001,1560.0,0.0,0.0
NKT-001,1590.0,0.0,0.0
NKT-001,1620.0,0.0,0.0
NKT-001,1650.0,0.0,0.0
NKT-001,1680.0,0.0,0.0
NKT-001,1710.0,0.0,0.0
NKT-001,1740.0,0.0,0.0
NKT-001,1770.0,0.0,0.0
NKT-001,1800.0,0.0,0.0
NKT-001,1830.0,0.0,0.0
NKT-001,1860.0,0.0,0.0
NKT-001,1890.0,0.0,0.0
NKT-001,1920.0,0.0,0.0
NKT-001,1950.0,0.0,0.0
NKT-001,1980.0,0.0,0.0
NKT-001,2010.0,0.0,0.0
NKT-001,2040.0,0.0,0.0
NKT-001,2070.0,0.0,0.0
NKT-001,2100.0,0.0,0.0
NKT-001,2130.0,0.0,0.0
NKT-001,2160.0,0.0,0.0
NKT-001,2190.0,0.0,0.0
NKT-001,2220.0,0.0,0.0
NKT-001,2250.0,0.0,0.0
NKT-001,2280.0,0.0,0.0
NKT-001,2310.0,0.0,0.0
NKT-001,2340.0,0.0,0.0
NKT-001,2370.0,0.0,0.0
NKT-001,2400.0,0.0,0.0
NKT-001,2430.0,0.0,0.0
NKT-001,2460.0,0.0,0.0
NKT-001,2490.0,0.0,0.0
NKT-001,2520.0,0.0,0.0
NKT-001,2550.0,0.0,0.0
NKT-001,2580.0,0.0,0.0
NKT-001,2610.0,0.0,0.0
NKT-001,2640.0,0.0,0.0
NKT-001,2670.0,0.0,0.0
NKT-001,2700.0,0.0,0.0
NKT-001,2730.0,0.0,0.0
NKT-001,2760.0,0.0,0.0
NKT-001,2790.0,0.0,0.0
NKT-001,2820.0,0.0,0.0
NKT-001,2850.0,0.0,0.0
NKT-001,2880.0,0.0,0.0
NKT-001,2910.0,0.0,0.0
NKT-001,2940.0,0.0,0.0
NKT-001,2970.0,0.0,0.0
NKT-001,3000.0,0.0,0.0
NKT-001,3030.0,0.0,0.0
NKT-001,3060.0,0.0,0.0
NKT-001,3090.0,0.0,0.0
NKT-001,3120.0,0.0,0.0
NKT-001,3150.0,0.0,0.0
NKT-001,3180.0,0.0,0.0
NKT-001,3210.0,0.0,0.0
NKT-001,3240.0,0.0,0.0
NKT-001,3270.0,0.0,0.0
NKT-001,3300.0,0.0,0.0
NKT-001,3330.0,0.0,0.0
NKT-001,3348.5,0.0,0.0
NKT-002,0.0,0.0,0.0
NKT-002,30.0,0.0,0.0
NKT-002,60.0,0.0,0.0
NKT-002,90.0,0.0,0.0
NKT-002,120.0,0.0,0.0
NKT-002,150.0,0.0,0.0
NKT-002,180.0,0.0,0.0
NKT-002,210.0,0.0,0.0
NKT-002,240.0,0.0,0.0
NKT-002,270.0,0.0,0.0
NKT-002,300.0,0.0,0.0
NKT-002,330.0,0.0,0.0
NKT-002,360.0,0.0,0.0
NKT-002,390.0,0.0,0.0
NKT-002,420.0,0.0,0.0
NKT-002,450.0,0.0,0.0
NKT-002,480.0,0.0,0.0
NKT-002,510.0,0.0,0.0
NKT-002,540.0,0.0,0.0
NKT-002,570.0,0.0,0.0
NKT-002,600.0,0.0,0.0
NKT-002,630.0,0.0,0.0
NKT-002,660.0,0.0,0.0
NKT-002,690.0,0.0,0.0
NKT-002,720.0,0.0,0.0
NKT-002,750.0,0.0,0.0
NKT-002,780.0,0.0,0.0
NKT-002,810.0,2.07,1.95
NKT-002,840.0,4.93,1.95
NKT-002,870.0,7.8,1.95
NKT-002,900.0,10.66,1.95
NKT-002,930.0,13.53,1.95
NKT-002,960.0,16.39,1.95
NKT-002,990.0,18.96,1.95
NKT-002,1020.0,18.96,1.95
NKT-002,1050.0,18.96,1.95
NKT-002,1080.0,18.96,1.95
NKT-002,1110.0,18.96,1.95
NKT-002,1140.0,18.96,1.95
NKT-002,1170.0,18.96,1.95
NKT-002,1200.0,18.96,1.95
NKT-002,1230.0,18.96,1.95
NKT-002,1260.0,18.96,1.95
NKT-002,1290.0,18.96,1.95
NKT-002,1320.0,18.96,1.95
NKT-002,1350.0,18.96,1.95
NKT-002,1380.0,18.96,1.95
NKT-002,1410.0,18.96,1.95
NKT-002,1440.0,18.96,1.95
NKT-002,1470.0,18.96,1.95
NKT-002,1500.0,18.96,1.95
NKT-002,1530.0,18.96,1.95
NKT-002,1560.0,18.96,1.95
NKT-002,1590.0,18.96,1.95
NKT-002,1620.0,18.96,1.95
NKT-002,1650.0,18.96,1.95
NKT-002,1680.0,18.96,1.95
NKT-002,1710.0,17.94,1.95
NKT-002,1740.0,16.9,1.95
NKT-002,1770.0,15.86,1.95
NKT-002,1800.0,14.82,1.95
NKT-002,1830.0,13.77,1.95
NKT-002,1860.0,12.73,1.95
NKT-002,1890.0,11.69,1.95
NKT-002,1920.0,10.64,1.95
NKT-002,1950.0,9.6,1.95
NKT-002,1980.0,8.56,1.95
NKT-002,2010.0,7.52,1.95
NKT-002,2040.0,6.47,1.95
NKT-002,2070.0,5.43,1.95
NKT-002,2100.0,4.39,1.95
NKT-002,2130.0,3.35,1.95
NKT-002,2160.0,2.3,1.95
NKT-002,2190.0,1.26,1.95
NKT-002,2220.0,0.22,1.95
NKT-002,2250.0,0.21,1.95
NKT-002,2280.0,0.21,1.95
NKT-002,2310.0,0.21,1.95
NKT-002,2340.0,0.21,1.95
NKT-002,2370.0,0.21,1.95
NKT-002,2400.0,0.21,1.95
NKT-002,2430.0,0.21,1.95
NKT-002,2460.0,0.21,1.95
NKT-002,2490.0,0.21,1.95
NKT-002,2520.0,0.21,1.95
NKT-002,2550.0,0.21,1.95
NKT-002,2580.0,0.21,1.95
NKT-002,2610.0,0.21,1.95
NKT-002,2640.0,0.21,1.95
NKT-002,2670.0,0.21,1.95
NKT-002,2700.0,0.21,1.95
NKT-002,2730.0,0.21,1.95
NKT-002,2760.0,0.21,1.95
NKT-002,2790.0,0.21,1.95
NKT-002,2820.0,0.21,1.95
NKT-002,2850.0,0.21,1.95
NKT-002,2880.0,0.21,1.95
NKT-002,2903.8,0.21,1.95
NKT-003,0.0,0.0,0.0
NKT-003,30.0,0.0,0.0
NKT-003,60.0,0.0,0.0
NKT-003,90.0,0.0,0.0
NKT-003,120.0,0.0,0.0
NKT-003,150.0,0.0,0.0
NKT-003,180.0,0.0,0.0
NKT-003,210.0,0.0,0.0
NKT-003,240.0,0.0,0.0
NKT-003,270.0,0.0,0.0
NKT-003,300.0,0.0,0.0
NKT-003,330.0,0.0,0.0
NKT-003,360.0,0.0,0.0
NKT-003,390.0,0.0,0.0
NKT-003,420.0,0.0,0.0
NKT-003,450.0,0.0,0.0
NKT-003,480.0,0.0,0.0
NKT-003,510.0,0.0,0.0
NKT-003,540.0,0.0,0.0
NKT-003,570.0,0.0,0.0
NKT-003,600.0,0.0,0.0
NKT-003,630.0,0.0,0.0
NKT-003,660.0,0.0,0.0
NKT-003,690.0,0.0,0.0
NKT-003,720.0,0.0,0.0
NKT-003,750.0,0.0,0.0
NKT-003,780.0,0.81,220.16
NKT-003,810.0,2.71,220.16
NKT-003,840.0,4.62,220.16
NKT-003,870.0,6.52,220.16
NKT-003,900.0,8.43,220.16
NKT-003,930.0,10.34,220.16
NKT-003,960.0,12.24,220.16
NKT-003,990.0,14.15,220.16
NKT-003,1020.0,16.06,220.16
NKT-003,1050.0,17.96,220.16
NKT-003,1080.0,18.86,220.16
NKT-003,1110.0,18.86,220.16
NKT-003,1140.0,18.86,220.16
NKT-003,1170.0,18.86,220.16
NKT-003,1200.0,18.86,220.16
NKT-003,1230.0,18.86,220.16
NKT-003,1260.0,18.86,220.16
NKT-003,1290.0,18.86,220.16
NKT-003,1320.0,18.86,220.16
NKT-003,1350.0,18.86,220.16
NKT-003,1380.0,18.86,220.16
NKT-003,1410.0,18.86,220.16
NKT-003,1440.0,18.86,220.16
NKT-003,1470.0,18.86,220.16
NKT-003,1500.0,18.86,220.16
NKT-003,1530.0,18.86,220.16
NKT-003,1560.0,18.86,220.16
NKT-003,1590.0,18.86,220.16
NKT-003,1620.0,18.86,220.16
NKT-003,1650.0,18.86,220.16
NKT-003,1680.0,18.86,220.16
NKT-003,1710.0,18.86,220.16
NKT-003,1740.0,18.86,220.16
NKT-003,1770.0,18.86,220.16
NKT-003,1800.0,18.05,220.16
NKT-003,1830.0,15.61,220.16
NKT-003,1860.0,13.17,220.16
NKT-003,1890.0,10.73,220.16
NKT-003,1920.0,8.29,220.16
NKT-003,1950.0,5.85,220.16
NKT-003,1980.0,3.4,220.16
NKT-003,2010.0,0.96,220.16
NKT-003,2040.0,0.22,220.16
NKT-003,2070.0,0.22,220.16
NKT-003,2100.0,0.22,220.16
NKT-003,2130.0,0.22,220.16
NKT-003,2160.0,0.22,220.16
NKT-003,2190.0,0.22,220.16
NKT-003,2220.0,0.22,220.16
NKT-003,2250.0,0.22,220.16
NKT-003,2280.0,0.22,220.16
NKT-003,2310.0,0.22,220.16
NKT-003,2340.0,0.22,220.16
NKT-003,2370.0,0.22,220.16
NKT-003,2400.0,0.22,220.16
NKT-003,2430.0,0.22,220.16
NKT-003,2460.0,0.22,220.16
NKT-003,2490.0,0.22,220.16
NKT-003,2520.0,0.22,220.16
NKT-003,2550.0,0.22,220.16
NKT-003,2580.0,0.22,220.16
NKT-003,2610.0,0.22,220.16
NKT-003,2640.0,0.22,220.16
NKT-003,2670.0,0.22,220.16
NKT-003,2700.0,0.22,220.16
NKT-003,2730.0,0.22,220.16
NKT-003,2760.0,0.22,220.16
NKT-003,2790.0,0.22,220.16
NKT-003,2820.0,0.22,220.16
NKT-003,2850.0,0.22,220.16
NKT-003,2880.0,0.22,220.16
NKT-003,2910.0,0.22,220.16
NKT-003,2940.0,0.22,220.16
NKT-003,2970.0,0.22,220.16
NKT-003,3000.0,0.22,220.16
NKT-003,3030.0,0.22,220.16
NKT-003,3060.0,0.22,220.16
NKT-003,3084.6,0.22,220.16
NKT-004,0.0,0.0,0.0
NKT-004,30.0,0.0,0.0
NKT-004,60.0,0.0,0.0
NKT-004,90.0,0.0,0.0
NKT-004,120.0,0.0,0.0
NKT-004,150.0,0.0,0.0
NKT-004,180.0,0.0,0.0
NKT-004,210.0,0.0,0.0
NKT-004,240.0,0.0,0.0
NKT-004,270.0,0.0,0.0
NKT-004,300.0,0.0,0.0
NKT-004,330.0,0.0,0.0
NKT-004,360.0,0.0,0.0
NKT-004,390.0,0.0,0.0
NKT-004,420.0,0.0,0.0
NKT-004,450.0,0.0,0.0
NKT-004,480.0,0.0,0.0
NKT-004,510.0,0.0,0.0
NKT-004,540.0,0.0,0.0
NKT-004,570.0,0.0,0.0
NKT-004,600.0,0.0,0.0
NKT-004,630.0,0.0,0.0
NKT-004,660.0,0.0,0.0
NKT-004,690.0,0.0,0.0
NKT-004,720.0,0.0,0.0
NKT-004,750.0,0.0,0.0
NKT-004,780.0,0.0,0.0
NKT-004,810.0,0.0,0.0
NKT-004,840.0,0.0,0.0
NKT-004,870.0,0.0,0.0
NKT-004,900.0,0.0,0.0
NKT-004,930.0,0.0,0.0
NKT-004,960.0,0.0,0.0
NKT-004,990.0,0.0,0.0
NKT-004,1020.0,0.0,0.0
NKT-004,1050.0,0.0,0.0
NKT-004,1080.0,0.0,0.0
NKT-004,1110.0,0.0,0.0
NKT-004,1140.0,0.0,0.0
NKT-004,1170.0,0.0,0.0
NKT-004,1200.0,0.0,0.0
NKT-004,1230.0,0.0,0.0
NKT-004,1260.0,0.0,0.0
NKT-004,1290.0,0.0,0.0
NKT-004,1320.0,0.0,0.0
NKT-004,1350.0,0.0,0.0
NKT-004,1380.0,0.0,0.0
NKT-004,1410.0,0.0,0.0
NKT-004,1440.0,0.0,0.0
NKT-004,1470.0,0.0,0.0
NKT-004,1500.0,0.0,0.0
NKT-004,1530.0,0.0,0.0
NKT-004,1560.0,0.0,0.0
NKT-004,1590.0,0.0,0.0
NKT-004,1620.0,0.0,0.0
NKT-004,1650.0,0.0,0.0
NKT-004,1680.0,0.0,0.0
NKT-004,1710.0,0.0,0.0
NKT-004,1740.0,0.0,0.0
NKT-004,1770.0,0.0,0.0
NKT-004,1800.0,0.0,0.0
NKT-004,1830.0,0.0,0.0
NKT-004,1860.0,0.0,0.0
NKT-004,1890.0,0.0,0.0
NKT-004,1920.0,0.0,0.0
NKT-004,1950.0,0.0,0.0
NKT-004,1980.0,0.0,0.0
NKT-004,2010.0,0.0,0.0
NKT-004,2040.0,0.0,0.0
NKT-004,2070.0,0.0,0.0
NKT-004,2100.0,0.0,0.0
NKT-004,2130.0,0.0,0.0
NKT-004,2160.0,0.0,0.0
NKT-004,2190.0,0.0,0.0
NKT-004,2220.0,0.0,0.0
NKT-004,2250.0,0.0,0.0
NKT-004,2280.0,0.0,0.0
NKT-004,2310.0,0.0,0.0
NKT-004,2340.0,0.0,0.0
NKT-004,2370.0,0.0,0.0
NKT-004,2400.0,0.0,0.0
NKT-004,2430.0,0.0,0.0
NKT-004,2460.0,0.0,0.0
NKT-004,2490.0,0.0,0.0
NKT-004,2520.0,0.0,0.0
NKT-004,2550.0,0.0,0.0
NKT-004,2580.0,0.0,0.0
NKT-004,2610.0,0.0,0.0
NKT-004,2640.0,0.0,0.0
NKT-004,2670.0,0.0,0.0
NKT-004,2700.0,0.0,0.0
NKT-004,2730.0,0.0,0.0
NKT-004,2760.0,0.0,0.0
NKT-004,2790.0,0.0,0.0
NKT-004,2820.0,0.0,0.0
NKT-004,2850.0,0.0,0.0
NKT-004,2880.0,0.0,0.0
NKT-004,2910.0,0.0,0.0
NKT-004,2940.0,0.0,0.0
NKT-004,2970.0,0.0,0.0
NKT-004,3000.0,0.0,0.0
NKT-004,3030.0,0.0,0.0
NKT-004,3060.0,0.0,0.0
NKT-004,3090.0,0.0,0.0
NKT-004,3120.0,0.0,0.0
NKT-004,3150.0,0.0,0.0
NKT-004,3180.0,0.0,0.0
NKT-004,3193.3,0.0,0.0
NKT-005,0.0,0.0,0.0
NKT-005,30.0,0.0,0.0
NKT-005,60.0,0.0,0.0
NKT-005,90.0,0.0,0.0
NKT-005,120.0,0.0,0.0
NKT-005,150.0,0.0,0.0
NKT-005,180.0,0.0,0.0
NKT-005,210.0,0.0,0.0
NKT-005,240.0,0.0,0.0
NKT-005,270.0,0.0,0.0
NKT-005,300.0,0.0,0.0
NKT-005,330.0,0.0,0.0
NKT-005,360.0,0.0,0.0
NKT-005,390.0,0.0,0.0
NKT-005,420.0,0.0,0.0
NKT-005,450.0,0.0,0.0
NKT-005,480.0,0.0,0.0
NKT-005,510.0,0.0,0.0
NKT-005,540.0,0.0,0.0
NKT-005,570.0,0.0,0.0
NKT-005,600.0,0.0,0.0
NKT-005,630.0,0.0,0.0
NKT-005,660.0,0.0,0.0
NKT-005,690.0,0.0,0.0
NKT-005,720.0,0.0,0.0
NKT-005,750.0,0.0,0.0
NKT-005,780.0,0.0,0.0
NKT-005,810.0,0.0,0.0
NKT-005,840.0,0.0,0.0
NKT-005,870.0,0.0,0.0
NKT-005,900.0,0.0,0.0
NKT-005,930.0,0.0,0.0
NKT-005,960.0,0.0,0.0
NKT-005,990.0,0.0,0.0
NKT-005,1020.0,0.0,0.0
NKT-005,1050.0,0.0,0.0
NKT-005,1080.0,0.0,0.0
NKT-005,1110.0,0.0,0.0
NKT-005,1140.0,0.0,0.0
NKT-005,1170.0,0.0,0.0
NKT-005,1200.0,0.0,0.0
NKT-005,1230.0,0.0,0.0
NKT-005,1260.0,0.0,0.0
NKT-005,1290.0,0.0,0.0
NKT-005,1320.0,0.0,0.0
NKT-005,1350.0,0.0,0.0
NKT-005,1380.0,0.0,0.0
NKT-005,1410.0,0.0,0.0
NKT-005,1440.0,0.0,0.0
NKT-005,1470.0,0.0,0.0
NKT-005,1500.0,0.0,0.0
NKT-005,1530.0,0.0,0.0
NKT-005,1560.0,0.0,0.0
NKT-005,1590.0,0.0,0.0
NKT-005,1620.0,0.0,0.0
NKT-005,1650.0,0.0,0.0
NKT-005,1680.0,0.0,0.0
NKT-005,1710.0,0.0,0.0
NKT-005,1740.0,0.0,0.0
NKT-005,1770.0,0.0,0.0
NKT-005,1800.0,0.0,0.0
NKT-005,1830.0,0.0,0.0
NKT-005,1860.0,0.0,0.0
NKT-005,1890.0,0.0,0.0
NKT-005,1920.0,0.0,0.0
NKT-005,1950.0,0.0,0.0
NKT-005,1980.0,0.0,0.0
NKT-005,2010.0,0.0,0.0
NKT-005,2040.0,0.0,0.0
NKT-005,2070.0,0.0,0.0
NKT-005,2100.0,0.0,0.0
NKT-005,2130.0,0.0,0.0
NKT-005,2160.0,0.0,0.0
NKT-005,2190.0,0.0,0.0
NKT-005,2220.0,0.0,0.0
NKT-005,2250.0,0.0,0.0
NKT-005,2280.0,0.0,0.0
NKT-005,2310.0,0.0,0.0
NKT-005,2340.0,0.0,0.0
NKT-005,2370.0,0.0,0.0
NKT-005,2400.0,0.0,0.0
NKT-005,2430.0,0.0,0.0
NKT-005,2460.0,0.0,0.0
NKT-005,2490.0,0.0,0.0
NKT-005,2520.0,0.0,0.0
NKT-005,2550.0,0.0,0.0
NKT-005,2580.0,0.0,0.0
NKT-005,2610.0,0.0,0.0
NKT-005,2640.0,0.0,0.0
NKT-005,2670.0,0.0,0.0
NKT-005,2700.0,0.0,0.0
NKT-005,2730.0,0.0,0.0
NKT-005,2760.0,0.0,0.0
NKT-005,2790.0,0.0,0.0
NKT-005,2820.0,0.0,0.0
NKT-005,2850.0,0.0,0.0
NKT-005,2880.0,0.0,0.0
NKT-005,2910.0,0.0,0.0
NKT-005,2940.0,0.0,0.0
NKT-005,2970.0,0.0,0.0
NKT-005,3000.0,0.0,0.0
NKT-005,3030.0,0.0,0.0
NKT-005,3060.0,0.0,0.0
NKT-005,3090.0,0.0,0.0
NKT-005,3120.0,0.0,0.0
NKT-005,3150.0,0.0,0.0
NKT-005,3180.0,0.0,0.0
NKT-005,3210.0,0.0,0.0
NKT-005,3214.8,0.0,0.0
NKT-006,0.0,0.0,0.0
NKT-006,30.0,0.0,0.0
NKT-006,60.0,0.0,0.0
NKT-006,90.0,0.0,0.0
NKT-006,120.0,0.0,0.0
NKT-006,150.0,0.0,0.0
NKT-006,180.0,0.0,0.0
NKT-006,210.0,0.0,0.0
NKT-006,240.0,0.0,0.0
NKT-006,270.0,0.0,0.0
NKT-006,300.0,0.0,0.0
NKT-006,330.0,0.0,0.0
NKT-006,360.0,0.0,0.0
NKT-006,390.0,0.0,0.0
NKT-006,420.0,0.0,0.0
NKT-006,450.0,0.0,0.0
NKT-006,480.0,0.0,0.0
NKT-006,510.0,0.0,0.0
NKT-006,540.0,0.0,0.0
NKT-006,570.0,0.0,0.0
NKT-006,600.0,0.0,0.0
NKT-006,630.0,0.0,0.0
NKT-006,660.0,0.0,0.0
NKT-006,690.0,0.0,0.0
NKT-006,720.0,0.0,0.0
NKT-006,750.0,0.0,0.0
NKT-006,780.0,0.0,0.0
NKT-006,810.0,0.0,0.0
NKT-006,840.0,0.0,0.0
NKT-006,870.0,0.0,0.0
NKT-006,900.0,0.0,0.0
NKT-006,930.0,0.0,0.0
NKT-006,960.0,0.0,0.0
NKT-006,990.0,0.0,0.0
NKT-006,1020.0,0.0,0.0
NKT-006,1050.0,0.0,0.0
NKT-006,1080.0,0.0,0.0
NKT-006,1110.0,0.0,0.0
NKT-006,1140.0,0.0,0.0
NKT-006,1170.0,0.0,0.0
NKT-006,1200.0,0.0,0.0
NKT-006,1230.0,0.0,0.0
NKT-006,1260.0,0.0,0.0
NKT-006,1290.0,0.0,0.0
NKT-006,1320.0,0.0,0.0
NKT-006,1350.0,0.0,0.0
NKT-006,1380.0,0.0,0.0
NKT-006,1410.0,0.0,0.0
NKT-006,1440.0,0.0,0.0
NKT-006,1470.0,0.0,0.0
NKT-006,1500.0,0.0,0.0
NKT-006,1530.0,0.0,0.0
NKT-006,1560.0,0.0,0.0
NKT-006,1590.0,0.0,0.0
NKT-006,1620.0,0.0,0.0
NKT-006,1650.0,0.0,0.0
NKT-006,1680.0,0.0,0.0
NKT-006,1710.0,0.0,0.0
NKT-006,1740.0,0.0,0.0
NKT-006,1770.0,0.0,0.0
NKT-006,1800.0,0.0,0.0
NKT-006,1830.0,0.0,0.0
NKT-006,1860.0,0.0,0.0
NKT-006,1890.0,0.0,0.0
NKT-006,1920.0,0.0,0.0
NKT-006,1950.0,0.0,0.0
NKT-006,1980.0,0.0,0.0
NKT-006,2010.0,0.0,0.0
NKT-006,2040.0,0.0,0.0
NKT-006,2070.0,0.0,0.0
NKT-006,2100.0,0.0,0.0
NKT-006,2130.0,0.0,0.0
NKT-006,2160.0,0.0,0.0
NKT-006,2190.0,0.0,0.0
NKT-006,2220.0,0.0,0.0
NKT-006,2250.0,0.0,0.0
NKT-006,2280.0,0.0,0.0
NKT-006,2310.0,0.0,0.0
NKT-006,2340.0,0.0,0.0
NKT-006,2370.0,0.0,0.0
NKT-006,2400.0,0.0,0.0
NKT-006,2430.0,0.0,0.0
NKT-006,2460.0,0.0,0.0
NKT-006,2490.0,0.0,0.0
NKT-006,2520.0,0.0,0.0
NKT-006,2550.0,0.0,0.0
NKT-006,2580.0,0.0,0.0
NKT-006,2610.0,0.0,0.0
NKT-006,2640.0,0.0,0.0
NKT-006,2670.0,0.0,0.0
NKT-006,2700.0,0.0,0.0
NKT-006,2730.0,0.0,0.0
NKT-006,2760.0,0.0,0.0
NKT-006,2790.0,0.0,0.0
NKT-006,2820.0,0.0,0.0
NKT-006,2850.0,0.0,0.0
NKT-006,2880.0,0.0,0.0
NKT-006,2910.0,0.0,0.0
NKT-006,2940.0,0.0,0.0
NKT-006,2970.0,0.0,0.0
NKT-006,2991.4,0.0,0.0
NKT-007,0.0,0.0,0.0
NKT-007,30.0,0.0,0.0
NKT-007,60.0,0.0,0.0
NKT-007,90.0,0.0,0.0
NKT-007,120.0,0.0,0.0
NKT-007,150.0,0.0,0.0
NKT-007,180.0,0.0,0.0
NKT-007,210.0,0.0,0.0
NKT-007,240.0,0.0,0.0
NKT-007,270.0,0.0,0.0
NKT-007,300.0,0.0,0.0
NKT-007,330.0,0.0,0.0
NKT-007,360.0,0.0,0.0
NKT-007,390.0,0.0,0.0
NKT-007,420.0,0.0,0.0
NKT-007,450.0,0.0,0.0
NKT-007,480.0,0.0,0.0
NKT-007,510.0,0.0,0.0
NKT-007,540.0,0.0,0.0
NKT-007,570.0,0.0,0.0
NKT-007,600.0,0.0,0.0
NKT-007,630.0,0.0,0.0
NKT-007,660.0,0.0,0.0
NKT-007,690.0,0.0,0.0
NKT-007,720.0,0.0,0.0
NKT-007,750.0,0.0,0.0
NKT-007,780.0,0.0,0.0
NKT-007,810.0,0.0,0.0
NKT-007,840.0,0.0,0.0
NKT-007,870.0,0.0,0.0
NKT-007,900.0,0.0,0.0
NKT-007,930.0,0.0,0.0
NKT-007,960.0,0.0,0.0
NKT-007,990.0,0.0,0.0
NKT-007,1020.0,0.0,0.0
NKT-007,1050.0,0.0,0.0
NKT-007,1080.0,0.0,0.0
NKT-007,1110.0,0.0,0.0
NKT-007,1140.0,0.0,0.0
NKT-007,1170.0,0.0,0.0
NKT-007,1200.0,0.0,0.0
NKT-007,1230.0,0.0,0.0
NKT-007,1260.0,0.0,0.0
NKT-007,1290.0,0.0,0.0
NKT-007,1320.0,0.0,0.0
NKT-007,1350.0,0.0,0.0
NKT-007,1380.0,0.0,0.0
NKT-007,1410.0,0.0,0.0
NKT-007,1440.0,0.0,0.0
NKT-007,1470.0,0.0,0.0
NKT-007,1500.0,0.0,0.0
NKT-007,1530.0,0.0,0.0
NKT-007,1560.0,0.0,0.0
NKT-007,1590.0,0.0,0.0
NKT-007,1620.0,0.0,0.0
NKT-007,1650.0,0.0,0.0
NKT-007,1680.0,0.0,0.0
NKT-007,1710.0,0.0,0.0
NKT-007,1740.0,0.0,0.0
NKT-007,1770.0,0.0,0.0
NKT-007,1800.0,0.0,0.0
NKT-007,1830.0,0.0,0.0
NKT-007,1860.0,0.0,0.0
NKT-007,1890.0,0.0,0.0
NKT-007,1920.0,0.0,0.0
NKT-007,1950.0,0.0,0.0
NKT-007,1980.0,0.0,0.0
NKT-007,2010.0,0.0,0.0
NKT-007,2040.0,0.0,0.0
NKT-007,2070.0,0.0,0.0
NKT-007,2100.0,0.0,0.0
NKT-007,2130.0,0.0,0.0
NKT-007,2160.0,0.0,0.0
NKT-007,2190.0,0.0,0.0
NKT-007,2220.0,0.0,0.0
NKT-007,2250.0,0.0,0.0
NKT-007,2280.0,0.0,0.0
NKT-007,2310.0,0.0,0.0
NKT-007,2340.0,0.0,0.0
NKT-007,2370.0,0.0,0.0
NKT-007,2400.0,0.0,0.0
NKT-007,2430.0,0.0,0.0
NKT-007,2460.0,0.0,0.0
NKT-007,2490.0,0.0,0.0
NKT-007,2520.0,0.0,0.0
NKT-007,2550.0,0.0,0.0
NKT-007,2580.0,0.0,0.0
NKT-007,2610.0,0.0,0.0
NKT-007,2640.0,0.0,0.0
NKT-007,2670.0,0.0,0.0
NKT-007,2700.0,0.0,0.0
NKT-007,2730.0,0.0,0.0
NKT-007,2760.0,0.0,0.0
NKT-007,2790.0,0.0,0.0
NKT-007,2820.0,0.0,0.0
NKT-007,2850.0,0.0,0.0
NKT-007,2880.0,0.0,0.0
NKT-007,2910.0,0.0,0.0
NKT-007,2940.0,0.0,0.0
NKT-007,2970.0,0.0,0.0
NKT-007,3000.0,0.0,0.0
NKT-007,3030.0,0.0,0.0
NKT-007,3060.0,0.0,0.0
NKT-007,3090.0,0.0,0.0
NKT-007,3120.0,0.0,0.0
NKT-007,3150.0,0.0,0.0
NKT-007,3180.0,0.0,0.0
NKT-007,3210.0,0.0,0.0
NKT-007,3240.0,0.0,0.0
NKT-007,3270.0,0.0,0.0
NKT-007,3300.0,0.0,0.0
NKT-007,3330.0,0.0,0.0
NKT-007,3360.0,0.0,0.0
NKT-007,3390.0,0.0,0.0
NKT-007,3394.8,0.0,0.0
NKT-008,0.0,0.0,0.0
NKT-008,30.0,0.0,0.0
NKT-008,60.0,0.0,0.0
NKT-008,90.0,0.0,0.0
NKT-008,120.0,0.0,0.0
NKT-008,150.0,0.0,0.0
NKT-008,180.0,0.0,0.0
NKT-008,210.0,0.0,0.0
NKT-008,240.0,0.0,0.0
NKT-008,270.0,0.0,0.0
NKT-008,300.0,0.0,0.0
NKT-008,330.0,0.0,0.0
NKT-008,360.0,0.0,0.0
NKT-008,390.0,0.0,0.0
NKT-008,420.0,0.0,0.0
NKT-008,450.0,0.0,0.0
NKT-008,480.0,0.0,0.0
NKT-008,510.0,0.0,0.0
NKT-008,540.0,0.0,0.0
NKT-008,570.0,0.0,0.0
NKT-008,600.0,0.0,0.0
NKT-008,630.0,0.0,0.0
NKT-008,660.0,0.0,0.0
NKT-008,690.0,0.0,0.0
NKT-008,720.0,0.0,0.0
NKT-008,750.0,0.0,0.0
NKT-008,780.0,0.0,0.0
NKT-008,810.0,0.0,0.0
NKT-008,840.0,0.0,0.0
NKT-008,870.0,0.0,0.0
NKT-008,900.0,0.0,0.0
NKT-008,930.0,0.0,0.0
NKT-008,960.0,0.0,0.0
NKT-008,990.0,0.0,0.0
NKT-008,1020.0,0.0,0.0
NKT-008,1050.0,0.0,0.0
NKT-008,1080.0,0.0,0.0
NKT-008,1110.0,0.0,0.0
NKT-008,1140.0,0.0,0.0
NKT-008,1170.0,0.0,0.0
NKT-008,1200.0,0.0,0.0
NKT-008,1230.0,0.0,0.0
NKT-008,1260.0,0.0,0.0
NKT-008,1290.0,0.0,0.0
NKT-008,1320.0,0.0,0.0
NKT-008,1350.0,0.0,0.0
NKT-008,1380.0,0.0,0.0
NKT-008,1410.0,0.0,0.0
NKT-008,1440.0,0.0,0.0
NKT-008,1470.0,0.0,0.0
NKT-008,1500.0,0.0,0.0
NKT-008,1530.0,0.0,0.0
NKT-008,1560.0,0.0,0.0
NKT-008,1590.0,0.0,0.0
NKT-008,1620.0,0.0,0.0
NKT-008,1650.0,0.0,0.0
NKT-008,1680.0,0.0,0.0
NKT-008,1710.0,0.0,0.0
NKT-008,1740.0,0.0,0.0
NKT-008,1770.0,0.0,0.0
NKT-008,1800.0,0.0,0.0
NKT-008,1830.0,0.0,0.0
NKT-008,1860.0,0.0,0.0
NKT-008,1890.0,0.0,0.0
NKT-008,1920.0,0.0,0.0
NKT-008,1950.0,0.0,0.0
NKT-008,1980.0,0.0,0.0
NKT-008,2010.0,0.0,0.0
NKT-008,2040.0,0.0,0.0
NKT-008,2070.0,0.0,0.0
NKT-008,2100.0,0.0,0.0
NKT-008,2130.0,0.0,0.0
NKT-008,2160.0,0.0,0.0
NKT-008,2190.0,0.0,0.0
NKT-008,2220.0,0.0,0.0
NKT-008,2250.0,0.0,0.0
NKT-008,2280.0,0.0,0.0
NKT-008,2310.0,0.0,0.0
NKT-008,2340.0,0.0,0.0
NKT-008,2370.0,0.0,0.0
NKT-008,2400.0,0.0,0.0
NKT-008,2430.0,0.0,0.0
NKT-008,2460.0,0.0,0.0
NKT-008,2490.0,0.0,0.0
NKT-008,2520.0,0.0,0.0
NKT-008,2550.0,0.0,0.0
NKT-008,2580.0,0.0,0.0
NKT-008,2610.0,0.0,0.0
NKT-008,2640.0,0.0,0.0
NKT-008,2670.0,0.0,0.0
NKT-008,2700.0,0.0,0.0
NKT-008,2730.0,0.0,0.0
NKT-008,2760.0,0.0,0.0
NKT-008,2790.0,0.0,0.0
NKT-008,2820.0,0.0,0.0
NKT-008,2850.0,0.0,0.0
NKT-008,2880.0,0.0,0.0
NKT-008,2910.0,0.0,0.0
NKT-008,2940.0,0.0,0.0
NKT-008,2970.0,0.0,0.0
NKT-008,3000.0,0.0,0.0
NKT-008,3030.0,0.0,0.0
NKT-008,3060.0,0.0,0.0
NKT-008,3069.8,0.0,0.0
