well_id,formation,top_md_m,top_tvd_m,base_md_m,base_tvd_m
DUL-001,Alluvium,0.0,0.0,21.5,21.5
DUL-001,Dhekiajuli,21.5,21.5,159.3,159.3
DUL-001,Namsang,159.3,159.3,361.2,361.2
DUL-001,Girujan,361.2,361.2,1136.2,1136.2
DUL-001,Tipam,1136.2,1136.2,1950.6,1950.6
DUL-001,Barail,1950.6,1950.6,2847.7,2847.7
DUL-001,Kopili,2847.7,2847.7,3026.5,3026.5
DUL-001,Sylhet,3026.5,3026.5,3253.5,3253.5
DUL-001,Basement,3253.5,3253.5,3366.2,3366.2
DUL-002,Alluvium,0.0,0.0,23.1,23.1
DUL-002,Dhekiajuli,23.1,23.1,209.4,209.4
DUL-002,Namsang,209.4,209.4,415.3,415.3
DUL-002,Girujan,415.3,415.3,1186.9,1126.7
DUL-002,Tipam,1186.9,1126.7,1982.3,1839.1
DUL-002,Barail,1982.3,1839.1,2916.9,2769.8
DUL-002,Kopili,2916.9,2769.8,3167.8,3020.5
DUL-002,Sylhet,3167.8,3020.5,3359.7,3212.3
DUL-002,Basement,3359.7,3212.3,3426.4,3278.9
DUL-003,Alluvium,0.0,0.0,19.5,19.5
DUL-003,Dhekiajuli,19.5,19.5,252.0,252.0
DUL-003,Namsang,252.0,252.0,453.2,453.2
DUL-003,Girujan,453.2,453.2,1268.8,1238.4
DUL-003,Tipam,1268.8,1238.4,1844.1,1744.9
DUL-003,Barail,1844.1,1744.9,2898.0,2772.4
DUL-003,Kopili,2898.0,2772.4,3192.4,3066.7
DUL-003,Sylhet,3192.4,3066.7,3400.2,3274.5
DUL-003,Basement,3400.2,3274.5,3440.2,3314.4
DUL-004,Alluvium,0.0,0.0,20.0,20.0
DUL-004,Dhekiajuli,20.0,20.0,145.3,145.3
DUL-004,Namsang,145.3,145.3,371.6,371.6
DUL-004,Girujan,371.6,371.6,1115.0,1084.6
DUL-004,Tipam,1115.0,1084.6,1961.8,1901.8
DUL-004,Barail,1961.8,1901.8,2769.6,2708.8
DUL-004,Kopili,2769.6,2708.8,2950.3,2889.3
DUL-004,Sylhet,2950.3,2889.3,3212.8,3151.4
DUL-004,Basement,3212.8,3151.4,3318.2,3256.8
DUL-005,Alluvium,0.0,0.0,16.2,16.2
DUL-005,Dhekiajuli,16.2,16.2,237.3,237.3
DUL-005,Namsang,237.3,237.3,412.6,412.6
DUL-005,Girujan,412.6,412.6,1178.9,1178.9
DUL-005,Tipam,1178.9,1178.9,1745.9,1745.9
DUL-005,Barail,1745.9,1745.9,2768.1,2768.1
DUL-005,Kopili,2768.1,2768.1,3039.5,3039.5
DUL-005,Sylhet,3039.5,3039.5,3220.7,3220.7
DUL-005,Basement,3220.7,3220.7,3270.8,3270.8
DUL-006,Alluvium,0.0,0.0,24.9,24.9
DUL-006,Dhekiajuli,24.9,24.9,188.9,188.9
DUL-006,Namsang,188.9,188.9,439.2,439.2
DUL-006,Girujan,439.2,439.2,1213.2,1213.2
DUL-006,Tipam,1213.2,1213.2,1841.0,1841.0
DUL-006,Barail,1841.0,1841.0,2695.3,2695.3
DUL-006,Kopili,2695.3,2695.3,2913.4,2913.4
DUL-006,Sylhet,2913.4,2913.4,3147.6,3147.6
DUL-006,Basement,3147.6,3147.6,3257.9,3257.9
DUL-007,Alluvium,0.0,0.0,24.7,24.7
DUL-007,Dhekiajuli,24.7,24.7,151.2,151.2
DUL-007,Namsang,151.2,151.2,396.6,396.6
DUL-007,Girujan,396.6,396.6,1092.3,1092.3
DUL-007,Tipam,1092.3,1092.3,1982.2,1982.2
DUL-007,Barail,1982.2,1982.2,2761.6,2761.6
DUL-007,Kopili,2761.6,2761.6,2931.7,2931.7
DUL-007,Sylhet,2931.7,2931.7,3168.4,3168.4
DUL-007,Basement,3168.4,3168.4,3192.6,3192.6
DUL-008,Alluvium,0.0,0.0,28.4,28.4
DUL-008,Dhekiajuli,28.4,28.4,205.6,205.6
DUL-008,Namsang,205.6,205.6,494.8,494.8
DUL-008,Girujan,494.8,494.8,1176.1,1176.1
DUL-008,Tipam,1176.1,1176.1,1939.3,1939.3
DUL-008,Barail,1939.3,1939.3,2751.7,2751.7
DUL-008,Kopili,2751.7,2751.7,3016.8,3016.8
DUL-008,Sylhet,3016.8,3016.8,3289.2,3289.2
DUL-008,Basement,3289.2,3289.2,3317.5,3317.5
DUL-009,Alluvium,0.0,0.0,34.2,34.2
DUL-009,Dhekiajuli,34.2,34.2,166.2,166.2
DUL-009,Namsang,166.2,166.2,437.7,437.7
DUL-009,Girujan,437.7,437.7,1182.7,1182.7
DUL-009,Tipam,1182.7,1182.7,1915.6,1915.6
DUL-009,Barail,1915.6,1915.6,2640.9,2640.9
DUL-009,Kopili,2640.9,2640.9,2853.9,2853.9
DUL-009,Sylhet,2853.9,2853.9,3106.0,3106.0
DUL-009,Basement,3106.0,3106.0,3136.8,3136.8
DUL-010,Alluvium,0.0,0.0,39.8,39.8
DUL-010,Dhekiajuli,39.8,39.8,274.0,274.0
DUL-010,Namsang,274.0,274.0,531.2,531.2
DUL-010,Girujan,531.2,531.2,1429.9,1393.4
DUL-010,Tipam,1429.9,1393.4,2002.9,1959.7
DUL-010,Barail,2002.9,1959.7,2985.6,2940.0
DUL-010,Kopili,2985.6,2940.0,3315.8,3269.4
DUL-010,Sylhet,3315.8,3269.4,3534.9,3488.0
DUL-010,Basement,3534.9,3488.0,3650.5,3603.3
DUL-011,Alluvium,0.0,0.0,33.5,33.5
DUL-011,Dhekiajuli,33.5,33.5,174.6,174.6
DUL-011,Namsang,174.6,174.6,471.3,471.3
DUL-011,Girujan,471.3,471.3,1178.5,1170.6
DUL-011,Tipam,1178.5,1170.6,2158.9,2117.3
DUL-011,Barail,2158.9,2117.3,2934.3,2892.4
DUL-011,Kopili,2934.3,2892.4,3152.3,3110.4
DUL-011,Sylhet,3152.3,3110.4,3410.8,3368.8
DUL-011,Basement,3410.8,3368.8,3454.9,3412.9
DUL-012,Alluvium,0.0,0.0,31.3,31.3
DUL-012,Dhekiajuli,31.3,31.3,168.8,168.8
DUL-012,Namsang,168.8,168.8,450.2,450.2
DUL-012,Girujan,450.2,450.2,1139.2,1139.2
DUL-012,Tipam,1139.2,1139.2,2084.6,2084.6
DUL-012,Barail,2084.6,2084.6,2870.7,2870.7
DUL-012,Kopili,2870.7,2870.7,3061.4,3061.4
DUL-012,Sylhet,3061.4,3061.4,3301.5,3301.5
DUL-012,Basement,3301.5,3301.5,3401.9,3401.9
MOR-001,Alluvium,0.0,0.0,26.6,26.6
MOR-001,Dhekiajuli,26.6,26.6,230.7,230.7
MOR-001,Namsang,230.7,230.7,540.6,540.6
MOR-001,Girujan,540.6,540.6,1360.8,1360.8
MOR-001,Tipam,1360.8,1360.8,1936.1,1936.1
MOR-001,Barail,1936.1,1936.1,2667.9,2667.9
MOR-001,Kopili,2667.9,2667.9,2956.9,2956.9
MOR-001,Sylhet,2956.9,2956.9,3147.2,3147.2
MOR-001,Basement,3147.2,3147.2,3181.2,3181.2
MOR-002,Alluvium,0.0,0.0,20.6,20.6
MOR-002,Dhekiajuli,20.6,20.6,161.2,161.2
MOR-002,Namsang,161.2,161.2,456.6,456.6
MOR-002,Girujan,456.6,456.6,1264.0,1264.0
MOR-002,Tipam,1264.0,1264.0,1795.1,1795.1
MOR-002,Barail,1795.1,1795.1,2417.8,2417.8
MOR-002,Kopili,2417.8,2417.8,2634.5,2634.5
MOR-002,Sylhet,2634.5,2634.5,2810.3,2810.3
MOR-002,Basement,2810.3,2810.3,2917.1,2917.1
MOR-003,Alluvium,0.0,0.0,36.6,36.6
MOR-003,Dhekiajuli,36.6,36.6,160.9,160.9
MOR-003,Namsang,160.9,160.9,347.6,347.6
MOR-003,Girujan,347.6,347.6,956.9,956.9
MOR-003,Tipam,956.9,956.9,1601.6,1601.6
MOR-003,Barail,1601.6,1601.6,2518.1,2518.1
MOR-003,Kopili,2518.1,2518.1,2764.7,2764.7
MOR-003,Sylhet,2764.7,2764.7,2934.4,2934.4
MOR-003,Basement,2934.4,2934.4,2969.0,2969.0
MOR-004,Alluvium,0.0,0.0,38.6,38.6
MOR-004,Dhekiajuli,38.6,38.6,150.6,150.6
MOR-004,Namsang,150.6,150.6,352.2,352.2
MOR-004,Girujan,352.2,352.2,986.0,986.0
MOR-004,Tipam,986.0,986.0,1651.9,1651.9
MOR-004,Barail,1651.9,1651.9,2558.1,2558.1
MOR-004,Kopili,2558.1,2558.1,2827.9,2827.9
MOR-004,Sylhet,2827.9,2827.9,3031.0,3031.0
MOR-004,Basement,3031.0,3031.0,3090.4,3090.4
MOR-005,Alluvium,0.0,0.0,31.7,31.7
MOR-005,Dhekiajuli,31.7,31.7,247.6,247.6
MOR-005,Namsang,247.6,247.6,528.9,528.9
MOR-005,Girujan,528.9,528.9,1267.4,1267.4
MOR-005,Tipam,1267.4,1267.4,1816.3,1816.3
MOR-005,Barail,1816.3,1816.3,2564.7,2564.7
MOR-005,Kopili,2564.7,2564.7,2856.9,2856.9
MOR-005,Sylhet,2856.9,2856.9,3037.9,3037.9
MOR-005,Basement,3037.9,3037.9,3067.8,3067.8
MOR-006,Alluvium,0.0,0.0,32.8,32.8
MOR-006,Dhekiajuli,32.8,32.8,260.4,260.4
MOR-006,Namsang,260.4,260.4,508.7,508.7
MOR-006,Girujan,508.7,508.7,1232.4,1204.5
MOR-006,Tipam,1232.4,1204.5,1880.6,1814.8
MOR-006,Barail,1880.6,1814.8,2636.6,2570.2
MOR-006,Kopili,2636.6,2570.2,2919.1,2852.6
MOR-006,Sylhet,2919.1,2852.6,3112.8,3046.2
MOR-006,Basement,3112.8,3046.2,3159.5,3092.9
MOR-007,Alluvium,0.0,0.0,30.3,30.3
MOR-007,Dhekiajuli,30.3,30.3,218.6,218.6
MOR-007,Namsang,218.6,218.6,484.7,484.7
MOR-007,Girujan,484.7,484.7,1322.7,1292.3
MOR-007,Tipam,1322.7,1292.3,2080.8,1935.3
MOR-007,Barail,2080.8,1935.3,2798.2,2621.5
MOR-007,Kopili,2798.2,2621.5,3193.5,3016.7
MOR-007,Sylhet,3193.5,3016.7,3391.9,3215.1
MOR-007,Basement,3391.9,3215.1,3485.4,3308.6
MOR-008,Alluvium,0.0,0.0,22.3,22.3
MOR-008,Dhekiajuli,22.3,22.3,157.7,157.7
MOR-008,Namsang,157.7,157.7,455.5,455.5
MOR-008,Girujan,455.5,455.5,1369.6,1369.6
MOR-008,Tipam,1369.6,1369.6,1981.1,1981.1
MOR-008,Barail,1981.1,1981.1,2705.1,2705.1
MOR-008,Kopili,2705.1,2705.1,2917.0,2917.0
MOR-008,Sylhet,2917.0,2917.0,3132.0,3132.0
MOR-008,Basement,3132.0,3132.0,3209.2,3209.2
MOR-009,Alluvium,0.0,0.0,23.7,23.7
MOR-009,Dhekiajuli,23.7,23.7,159.3,159.3
MOR-009,Namsang,159.3,159.3,387.0,387.0
MOR-009,Girujan,387.0,387.0,1070.9,1070.9
MOR-009,Tipam,1070.9,1070.9,1644.3,1644.3
MOR-009,Barail,1644.3,1644.3,2357.5,2357.5
MOR-009,Kopili,2357.5,2357.5,2654.8,2654.8
MOR-009,Sylhet,2654.8,2654.8,2850.6,2850.6
MOR-009,Basement,2850.6,2850.6,2904.0,2904.0
MOR-010,Alluvium,0.0,0.0,23.3,23.3
MOR-010,Dhekiajuli,23.3,23.3,181.5,181.5
MOR-010,Namsang,181.5,181.5,480.5,480.5
MOR-010,Girujan,480.5,480.5,1320.2,1320.2
MOR-010,Tipam,1320.2,1320.2,1891.1,1891.1
MOR-010,Barail,1891.1,1891.1,2562.7,2562.7
MOR-010,Kopili,2562.7,2562.7,2796.8,2796.8
MOR-010,Sylhet,2796.8,2796.8,2981.8,2981.8
MOR-010,Basement,2981.8,2981.8,3049.7,3049.7
NKT-001,Alluvium,0.0,0.0,41.3,41.3
NKT-001,Dhekiajuli,41.3,41.3,249.5,249.5
NKT-001,Namsang,249.5,249.5,526.9,526.9
NKT-001,Girujan,526.9,526.9,1275.4,1275.4
NKT-001,Tipam,1275.4,1275.4,2037.6,2037.6
NKT-001,Barail,2037.6,2037.6,2751.3,2751.3
NKT-001,Kopili,2751.3,2751.3,3074.0,3074.0
NKT-001,Sylhet,3074.0,3074.0,3282.6,3282.6
NKT-001,Basement,3282.6,3282.6,3348.5,3348.5
NKT-002,Alluvium,0.0,0.0,20.9,20.9
NKT-002,Dhekiajuli,20.9,20.9,154.1,154.1
NKT-002,Namsang,154.1,154.1,360.5,360.5
NKT-002,Girujan,360.5,360.5,1030.9,1024.9
NKT-002,Tipam,1030.9,1024.9,1674.5,1633.6
NKT-002,Barail,1674.5,1633.6,2523.1,2472.0
NKT-002,Kopili,2523.1,2472.0,2644.2,2593.0
NKT-002,Sylhet,2644.2,2593.0,2859.8,2808.6
NKT-002,Basement,2859.8,2808.6,2903.8,2852.7
NKT-003,Alluvium,0.0,0.0,37.6,37.6
NKT-003,Dhekiajuli,37.6,37.6,161.4,161.4
NKT-003,Namsang,161.4,161.4,325.7,325.7
NKT-003,Girujan,325.7,325.7,874.9,874.6
NKT-003,Tipam,874.9,874.6,1599.0,1565.0
NKT-003,Barail,1599.0,1565.0,2525.4,2477.0
NKT-003,Kopili,2525.4,2477.0,2745.8,2697.4
NKT-003,Sylhet,2745.8,2697.4,2979.5,2931.1
NKT-003,Basement,2979.5,2931.1,3084.6,3036.2
NKT-004,Alluvium,0.0,0.0,17.3,17.3
NKT-004,Dhekiajuli,17.3,17.3,234.9,234.9
NKT-004,Namsang,234.9,234.9,484.3,484.3
NKT-004,Girujan,484.3,484.3,1297.1,1297.1
NKT-004,Tipam,1297.1,1297.1,1953.5,1953.5
NKT-004,Barail,1953.5,1953.5,2625.7,2625.7
NKT-004,Kopili,2625.7,2625.7,2856.3,2856.3
NKT-004,Sylhet,2856.3,2856.3,3078.7,3078.7
NKT-004,Basement,3078.7,3078.7,3193.3,3193.3
NKT-005,Alluvium,0.0,0.0,37.2,37.2
NKT-005,Dhekiajuli,37.2,37.2,225.4,225.4
NKT-005,Namsang,225.4,225.4,466.4,466.4
NKT-005,Girujan,466.4,466.4,1046.5,1046.5
NKT-005,Tipam,1046.5,1046.5,1620.3,1620.3
NKT-005,Barail,1620.3,1620.3,2536.7,2536.7
NKT-005,Kopili,2536.7,2536.7,2899.4,2899.4
NKT-005,Sylhet,2899.4,2899.4,3133.7,3133.7
NKT-005,Basement,3133.7,3133.7,3214.8,3214.8
NKT-006,Alluvium,0.0,0.0,35.0,35.0
NKT-006,Dhekiajuli,35.0,35.0,153.0,153.0
NKT-006,Namsang,153.0,153.0,331.6,331.6
NKT-006,Girujan,331.6,331.6,887.4,887.4
NKT-006,Tipam,887.4,887.4,1547.4,1547.4
NKT-006,Barail,1547.4,1547.4,2458.0,2458.0
NKT-006,Kopili,2458.0,2458.0,2669.9,2669.9
NKT-006,Sylhet,2669.9,2669.9,2906.2,2906.2
NKT-006,Basement,2906.2,2906.2,2991.4,2991.4
NKT-007,Alluvium,0.0,0.0,23.4,23.4
NKT-007,Dhekiajuli,23.4,23.4,256.7,256.7
NKT-007,Namsang,256.7,256.7,504.6,504.6
NKT-007,Girujan,504.6,504.6,1400.8,1400.8
NKT-007,Tipam,1400.8,1400.8,2104.1,2104.1
NKT-007,Barail,2104.1,2104.1,2885.6,2885.6
NKT-007,Kopili,2885.6,2885.6,3095.5,3095.5
NKT-007,Sylhet,3095.5,3095.5,3291.1,3291.1
NKT-007,Basement,3291.1,3291.1,3394.8,3394.8
NKT-008,Alluvium,0.0,0.0,39.5,39.5
NKT-008,Dhekiajuli,39.5,39.5,222.8,222.8
NKT-008,Namsang,222.8,222.8,479.1,479.1
NKT-008,Girujan,479.1,479.1,1178.7,1178.7
NKT-008,Tipam,1178.7,1178.7,1914.2,1914.2
NKT-008,Barail,1914.2,1914.2,2543.8,2543.8
NKT-008,Kopili,2543.8,2543.8,2811.6,2811.6
NKT-008,Sylhet,2811.6,2811.6,3034.5,3034.5
NKT-008,Basement,3034.5,3034.5,3069.8,3069.8
