well_id,name,field,lat,lon,kb_elev_m,spud_date,td_md_m,trajectory_type,status,basin
DUL-001,Duliajan 1,Duliajan,27.49371226858895,95.27320071521918,122.9104645308332,2017-06-11,3366.1826435593434,vertical,completed,Upper Assam
DUL-002,Duliajan 2,Duliajan,27.441331839170253,95.33659378528371,97.57885436337143,2016-02-17,3426.373775948655,deviated,completed,Upper Assam
DUL-003,Duliajan 3,Duliajan,27.442192958536687,95.28289834529389,94.58120294143893,2015-09-01,3440.1542279384685,deviated,completed,Upper Assam
DUL-004,Duliajan 4,Duliajan,27.523572525956617,95.24427086027728,106.25547445760282,2015-10-25,3318.2326548256506,deviated,completed,Upper Assam
DUL-005,Duliajan 5,Duliajan,27.450213332652,95.30366257690457,104.47250442213561,2025-02-01,3270.838510697277,vertical,completed,Upper Assam
DUL-006,Duliajan 6,Duliajan,27.420478517444053,95.27512389275793,98.09453459180921,2020-04-21,3257.9065344446103,vertical,completed,Upper Assam
DUL-007,Duliajan 7,Duliajan,27.490698102104954,95.29326325199364,103.19444849331141,2019-02-22,3192.5732822045093,vertical,completed,Upper Assam
DUL-008,Duliajan 8,Duliajan,27.54,95.26650566255546,109.62827977418084,2015-12-09,3317.5058488021027,vertical,completed,Upper Assam
DUL-009,Duliajan 9,Duliajan,27.435470784598568,95.22405791736709,101.24935135356033,2012-08-28,3136.8488324245063,vertical,completed,Upper Assam
DUL-010,Duliajan 10,Duliajan,27.54,95.32586235346628,125.66709065019656,2009-10-01,3650.502899120463,deviated,completed,Upper Assam
DUL-011,Duliajan 11,Duliajan,27.487199622610806,95.31466127532505,121.09619352964711,2013-12-21,3454.8884845225252,deviated,completed,Upper Assam
DUL-012,Duliajan 12,Duliajan,27.479769515997596,95.31264506956639,119.55936015662166,2022-02-17,3401.918281804495,vertical,completed,Upper Assam
MOR-001,Moran 1,Moran,27.27821237549999,95.01525471075371,128.64927648572728,2010-08-06,3181.198194602099,vertical,completed,Upper Assam
MOR-002,Moran 2,Moran,27.261604049224854,95.01706774873028,106.50286277094722,2010-05-17,2917.0798544187487,vertical,completed,Upper Assam
MOR-003,Moran 3,Moran,27.35057373288567,95.02575818505863,102.41338695696298,2024-02-22,2968.9945341796347,vertical,completed,Upper Assam
MOR-004,Moran 4,Moran,27.334980190922778,95.049564473351,110.1810494808892,2021-11-16,3090.3895028012626,vertical,completed,Upper Assam
MOR-005,Moran 5,Moran,27.26752988849057,95.0442422417753,126.10612575710468,2012-12-23,3067.831303995048,vertical,completed,Upper Assam
MOR-006,Moran 6,Moran,27.278781383664754,95.04186727419605,117.42973381823782,2012-04-18,3159.480213326915,deviated,completed,Upper Assam
MOR-007,Moran 7,Moran,27.358502006761455,95.05621948588944,127.43759290802504,2021-02-20,3485.367264278364,deviated,completed,Upper Assam
MOR-008,Moran 8,Moran,27.26,95.00667740709352,110.9052710205249,2021-10-06,3209.2023169310746,vertical,completed,Upper Assam
MOR-009,Moran 9,Moran,27.31862506284177,95.1027294356743,120.5012858828261,2019-04-09,2903.9684018079824,vertical,completed,Upper Assam
MOR-010,Moran 10,Moran,27.261149463086728,95.02336120938918,129.46526179697287,2008-09-18,3049.703402552168,vertical,completed,Upper Assam
NKT-001,Naharkatiya 1,Naharkatiya,27.397881903010052,95.22493524255958,102.07709565769966,2017-12-02,3348.4685423930396,vertical,completed,Upper Assam
NKT-002,Naharkatiya 2,Naharkatiya,27.372432338069785,95.13642553522484,114.2370071059091,2025-10-20,2903.841995337337,deviated,completed,Upper Assam
NKT-003,Naharkatiya 3,Naharkatiya,27.293301657115073,95.09498727460682,114.65235879710131,2008-01-16,3084.6147235279705,deviated,completed,Upper Assam
NKT-004,Naharkatiya 4,Naharkatiya,27.354101100719053,95.11760923783686,113.1206886323017,2017-09-13,3193.253029862825,vertical,completed,Upper Assam
NKT-005,Naharkatiya 5,Naharkatiya,27.345083032255623,95.25015666000598,106.47243586342282,2010-05-30,3214.779091448443,vertical,completed,Upper Assam
NKT-006,Naharkatiya 6,Naharkatiya,27.288469462801096,95.1067157453804,121.49728887943816,2014-07-20,2991.404072096675,vertical,completed,Upper Assam
NKT-007,Naharkatiya 7,Naharkatiya,27.30861277982359,95.2002852578063,94.63426897341074,2009-01-27,3394.8306291646054,vertical,completed,Upper Assam
NKT-008,Naharkatiya 8,Naharkatiya,27.408837915200067,95.21649391332568,94.78690223459577,2017-05-14,3069.813454767022,vertical,completed,Upper Assam
